d1a0ca_	c.1.15
d1a0tp_	f.4.3
d1a3qa2	b.2.5
d1a5ta1	a.80.1
d1a8da2	b.42.4
d1ab8a_	d.58.29
d1afia_	d.58.17
d1agqa_	g.17.1
d1ahla_	g.9.1
d1akoa_	d.151.1
d1amua_	e.23.1
d1aoaa1	a.40.1
d1aoaa2	a.40.1
d1aoca_	g.17.1
d1aoha_	b.2.2
d1atia1	c.51.1
d1atza_	c.62.1
d1ay2a_	d.24.1
d1azsa_	d.58.29
d1b24a1	d.95.2
d1b24a2	d.95.2
d1b8wa_	g.9.1
d1b9la_	d.96.1
d1bdsa_	g.9.1
d1bg1a2	b.2.5
d1bgxt2	c.120.1
d1bifa2	c.60.1
d1bika1	g.8.1
d1bkra_	a.40.1
d1bnba_	g.9.1
d1bnda_	g.17.1
d1bunb_	g.8.1
d1bvoa_	b.2.5
d1bwda_	d.126.1
d1by5a_	f.4.3
d1byra_	d.136.1
d1c3pa_	c.42.1
d1c44a_	d.106.1
d1c9fa_	d.15.2
d1cc8a_	d.58.17
d1clia2	d.139.1
d1cpza_	d.58.17
d1cqxa3	c.25.1
d1cr5a1	b.52.2
d1cuka2	a.60.2
d1cuna2	a.7.1
d1cz4a1	b.52.2
d1d0da_	g.8.1
d1d0qa_	g.41.3
d1d4ba_	d.15.2
d1d8ba_	a.60.8
d1d8wa_	c.1.15
d1ddba_	f.1.4
d1dgsa1	a.60.2
d1dhna_	d.96.1
d1di6a_	c.57.1
d1dl6a_	g.41.3
d1dova_	a.24.9
d1dpba_	c.43.1
d1dq3a3	d.95.2
d1dq3a4	d.95.2
d1dqua_	c.1.12
d1dt9a2	d.79.3
d1dtxa_	g.8.1
d1dxya2	c.23.12
d1e32a1	b.52.2
d1e3ha5	d.101.1
d1e3ha6	d.101.1
d1e58a_	c.60.1
d1e5ba_	b.2.2
d1eaqa_	b.2.5
d1el0a_	d.9.1
d1ep3b2	c.25.1
d1epwa2	b.42.4
d1erja_	b.69.4
d1es9a_	c.23.10
d1esca_	c.23.10
d1eu1a1	b.52.2
d1euwa_	b.85.4
d1ewsa_	g.9.1
d1exha_	b.2.2
d1ezwa_	c.1.16
d1f20a2	c.25.1
d1f2la_	d.9.1
d1f2ri_	d.15.2
d1f7da_	b.85.4
d1f7ua1	a.27.1
d1fcda3	d.87.1
d1fd3a_	g.9.1
d1fdra2	c.25.1
d1feca3	d.87.1
d1fepa_	f.4.3
d1ffya1	a.27.1
d1fita_	d.13.1
d1flca2	c.23.10
d1fltv_	g.17.1
d1fm0d_	d.15.3
d1fr3a_	b.40.6
d1fx2a_	d.58.29
d1g2913	b.40.6
d1g2914	b.40.6
d1g2oa_	c.56.2
d1g5ha1	c.51.1
d1g61a_	d.126.1
d1g62a_	d.126.1
d1g6xa_	g.8.1
d1g87a2	b.2.2
d1g8ka1	b.52.2
d1g91a_	d.9.1
d1gdha2	c.23.12
d1go3f_	a.60.8
d1gq6a_	c.42.1
d1gs5a_	c.73.1
d1guqa1	d.13.1
d1guqa2	d.13.1
d1guta_	b.40.6
d1gvea_	c.1.7
d1gxra_	b.69.4
d1gyta1	c.50.1
d1gz0a2	d.79.3
d1h0za_	g.68.1
d1h2ea_	c.60.1
d1h3da2	d.58.5
d1h3na1	a.27.1
d1h4vb1	c.51.1
d1h5oa_	g.9.1
d1h67a_	a.40.1
d1h6fa_	b.2.5
d1h6ga1	a.24.9
d1h6ga2	a.24.9
d1h6va3	d.87.1
d1h70a_	d.126.1
d1h72c2	d.58.26
d1h9ka1	b.40.6
d1h9ra1	b.40.6
d1h9ra2	b.40.6
d1hc7a1	c.51.1
d1hcia1	a.7.1
d1hcia4	a.7.1
d1hcna_	g.17.1
d1hcnb_	g.17.1
d1hdla_	g.68.1
d1hqsa_	c.77.1
d1hw6a_	c.1.7
d1hwma_	d.165.1
d1hzfa_	a.102.4
d1i60a_	c.1.15
d1i9za_	d.151.1
d1ijba_	c.62.1
d1ijta_	b.42.1
d1ikta_	d.106.1
d1ilea1	a.27.1
d1inpa_	e.7.1
d1ip9a_	d.15.2
d1ipaa2	d.79.3
d1iq0a1	a.27.1
d1iqpa1	a.80.1
d1ivha1	a.29.3
d1ivsa2	a.27.1
d1iw4a_	g.68.1
d1ixra1	a.60.2
d1iz6a1	b.34.5
d1izca_	c.1.12
d1j2ga1	d.96.1
d1j2ga2	d.96.1
d1j4aa2	c.23.12
d1j5xa_	c.80.1
d1j8ia_	d.9.1
d1j9ia_	a.6.1
d1jdwa_	d.126.1
d1je0a_	c.56.2
d1jeya2	c.62.1
d1jeyb2	c.62.1
d1jjcb1	a.6.1
d1jjcb2	a.6.1
d1jp4a_	e.7.1
d1jpya_	g.17.1
d1jqna_	c.1.12
d1jr3a1	a.80.1
d1jr3d1	a.80.1
d1jvaa2	d.95.2
d1jvaa3	d.95.2
d1jy1a1	d.136.1
d1jy1a2	d.136.1
d1jyaa_	d.198.1
d1jyoa_	d.198.1
d1jz8a1	b.1.4
d1jz8a2	b.1.4
d1k0ha_	b.106.1
d1k1xa3	c.6.2
d1k28d1	b.106.1
d1k28d2	b.106.1
d1k3ka_	f.1.4
d1k3sa_	d.198.1
d1k47a2	d.58.26
d1k77a_	c.1.15
d1k7ca_	c.23.10
d1k8kc_	b.69.4
d1ka1a_	e.7.1
d1kbla1	c.1.12
d1keaa_	a.96.1
d1kfta_	a.60.2
d1khia1	b.34.5
d1kj6a_	g.9.1
d1kkha2	d.58.26
d1kmma1	c.51.1
d1kmoa_	f.4.3
d1kqfa1	b.52.2
d1kqka_	d.58.17
d1krha2	c.25.1
d1ktha_	g.8.1
d1kvka2	d.58.26
d1l2wi_	d.198.1
d1l5aa1	c.43.1
d1l5aa2	c.43.1
d1l7da2	c.23.12
d1l8ra_	a.6.1
d1lama2	c.50.1
d1lbaa_	d.118.1
d1lbva_	e.7.1
d1ldtl_	g.68.1
d1li4a2	c.23.12
d1lqaa_	c.1.7
d1lqla_	d.227.1
d1lr7a2	g.68.1
d1luca_	c.1.16
d1lucb_	c.1.16
d1m3sa_	c.80.1
d1m3ua_	c.1.12
d1m4ua_	g.17.1
d1m5xa_	d.95.2
d1m6ia3	d.87.1
d1m8aa_	d.9.1
d1md6a_	b.42.1
d1mdba_	e.23.1
d1mf7a_	c.62.1
d1mg7a2	d.58.26
d1mgpa_	c.119.1
d1mjna_	c.62.1
d1mkza_	c.57.1
d1ml8a_	d.227.1
d1mnna_	b.2.5
d1mo9a3	d.87.1
d1moqa_	c.80.1
d1mpga1	a.96.1
d1muna_	a.96.1
d1muwa_	c.1.15
d1mwza_	d.58.17
d1mx3a2	c.23.12
d1n1ba1	a.102.4
d1n1ba2	a.128.1
d1n4qb_	a.102.4
d1naqa_	d.58.5
d1nbua_	d.96.1
d1nd6a_	c.60.1
d1nd9a_	a.6.1
d1nfpa_	c.1.16
d1nh8a2	d.58.5
d1nhpa3	d.87.1
d1nj8a1	c.51.1
d1njra_	c.50.1
d1nppa2	b.34.5
d1nqka_	c.1.16
d1nr0a1	b.69.4
d1nr0a2	b.69.4
d1nr4a_	d.9.1
d1nria_	c.80.1
d1nsca_	b.68.1
d1nuba3	g.68.1
d1nuia2	g.41.3
d1nuna_	b.42.1
d1nuya_	e.7.1
d1nzaa_	d.58.5
d1o1za_	c.1.18
d1o4ua2	d.41.2
d1o4wa_	c.120.1
d1o51a_	d.58.5
d1o7d.3	c.6.2
d1o80a_	d.9.1
d1oaca2	d.17.2
d1oaca3	d.17.2
d1odka_	c.56.2
d1oeya_	d.15.2
d1oeyj_	d.15.2
d1ohta_	d.118.1
d1ohua_	f.1.4
d1oi2a_	c.119.1
d1oj4a2	d.58.26
d1ojta3	d.87.1
d1oqva_	d.24.1
d1orna_	a.96.1
d1oxxk1	b.40.6
d1p22a2	b.69.4
d1p5sa_	a.40.1
d1p7hl2	b.2.5
d1pcea_	g.68.1
d1pd0a3	c.62.1
d1pdga_	g.17.1
d1pf5a_	d.79.1
d1pfta_	g.41.3
d1pfva1	a.27.1
d1pg4a_	e.23.1
d1pgua1	b.69.4
d1pgua2	b.69.4
d1piea2	d.58.26
d1pjca2	c.23.12
d1pkha_	b.85.4
d1pqsa_	d.15.2
d1ps1a_	a.128.1
d1pu6a_	a.96.1
d1pwaa_	b.42.1
d1pyfa_	c.1.7
d1pz4a_	d.106.1
d1pzxa_	c.119.1
d1q06a_	a.6.1
d1q08a_	a.6.1
d1q0pa_	c.62.1
d1q1ra3	d.87.1
d1q1ua_	b.42.1
d1q32a1	d.136.1
d1q32a2	d.136.1
d1q59a_	f.1.4
d1q9ja1	c.43.1
d1q9ja2	c.43.1
d1qaga1	a.40.1
d1qbaa2	b.2.2
d1qcsa1	b.52.2
d1qe0a1	c.51.1
d1qf6a1	c.51.1
d1qfja2	c.25.1
d1qfxa_	c.60.1
d1qkra_	a.24.9
d1qp8a2	c.23.12
d1qpma_	a.6.1
d1qpoa2	d.41.2
d1qtwa_	c.1.15
d1qu9a_	d.79.1
d1qupa2	d.58.17
d1quua1	a.7.1
d1quua2	a.7.1
d1qvea_	d.24.1
d1qwoa_	c.60.1
d1qxfa_	g.41.8
d1qypa_	g.41.3
d1r0ri_	g.68.1
d1r2ja1	a.29.3
d1r4pa_	d.165.1
d1r7ma1	d.95.2
d1r7ma2	d.95.2
d1r8da_	a.6.1
d1r8ea1	a.6.1
d1r8na_	b.42.4
d1r8o.1	b.42.4
d1rewa_	g.17.1
d1rg8a_	b.42.1
d1rh6a_	a.6.1
d1rhca_	c.1.16
d1rjta_	d.9.1
d1rl0a_	d.165.1
d1rl2a1	b.34.5
d1rqga1	a.27.1
d1rt8a_	a.40.1
d1rtra_	a.128.1
d1rwsa_	d.15.3
d1rx0a1	a.29.3
d1ry9a_	d.198.1
d1ryja_	d.15.3
d1s28a_	d.198.1
d1s2wa_	c.1.12
d1s35a1	a.7.1
d1s35a2	a.7.1
d1s9ra_	d.126.1
d1sbxa_	a.6.1
d1sc6a2	c.23.12
d1scza_	c.43.1
d1sgja_	c.1.12
d1sh1a_	g.9.1
d1shux_	c.62.1
d1so7a_	b.68.1
d1spva_	c.50.1
d1sq9a_	b.69.4
d1st6a3	a.24.9
d1st6a4	a.24.9
d1st6a5	a.24.9
d1st6a6	a.24.9
d1st6a7	a.24.9
d1sxja1	a.80.1
d1sxjb1	a.80.1
d1sxjc1	a.80.1
d1sxjd1	a.80.1
d1sxje1	a.80.1
d1sxra_	d.118.1
d1t01a1	a.24.9
d1t01a2	a.24.9
d1t0kb_	d.79.3
d1t1ua1	c.43.1
d1t1ua2	c.43.1
d1t3ta4	d.79.4
d1t3ta5	d.79.4
d1t3ta6	d.139.1
d1t3ta7	d.139.1
d1t4wa_	b.2.5
d1t8sa_	c.56.2
d1t92a_	d.24.1
d1t9ia_	d.95.2
d1tfia_	g.41.3
d1tgsi_	g.68.1
d1ti6a1	b.52.2
d1tnsa_	a.6.1
d1tocr1	g.8.1
d1tocr2	g.8.1
d1tt8a_	d.190.1
d1tvca2	c.25.1
d1tvxa_	d.9.1
d1twfi1	g.41.3
d1twfi2	g.41.3
d1tyeb2	c.62.1
d1tygb_	d.15.3
d1tz9a_	c.1.15
d1tzba_	c.80.1
d1u0bb1	a.27.1
d1u5ha_	c.1.12
d1u5pa1	a.7.1
d1u5pa2	a.7.1
d1u7na_	c.77.1
d1u8va1	a.29.3
d1ueba1	b.34.5
d1ueka2	d.58.26
d1ufaa2	c.6.2
d1ufya_	d.79.1
d1ujoa_	a.40.1
d1ukka_	d.227.1
d1ukua_	d.58.5
d1ul1x2	c.120.1
d1un8a4	c.119.1
d1ur3m_	c.1.7
d1us0a_	c.1.7
d1usra_	b.68.1
d1ut3a_	g.9.1
d1uura2	b.2.5
d1uuya_	c.57.1
d1uz5a3	c.57.1
d1v0ea1	b.68.1
d1v0wa1	d.136.1
d1v0wa2	d.136.1
d1v25a_	e.23.1
d1v37a_	c.60.1
d1v3ea_	b.68.1
d1v43a1	b.40.6
d1v43a2	b.40.6
d1v4ea_	a.128.1
d1v59a3	d.87.1
d1v6ta_	c.6.2
d1v7pc_	c.62.1
d1v8ca1	d.15.3
d1v8pa_	c.120.1
d1v95a_	c.51.1
d1v96a1	c.120.1
d1vd4a_	g.41.3
d1vd6a_	c.1.18
d1vdwa_	e.7.1
d1vhua_	c.50.1
d1vima_	c.80.1
d1vjka_	d.15.3
d1vk3a1	d.79.4
d1vk3a2	d.79.4
d1vk3a3	d.139.1
d1vk3a4	d.139.1
d1vlaa_	d.227.1
d1vlpa1	d.41.2
d1vlra1	d.13.1
d1vmga_	a.204.1
d1vmia_	c.77.1
d1vq811	g.41.8
d1vq831	g.41.8
d1vq8a1	b.34.5
d1vq8q1	b.34.5
d1vq8t1	b.34.5
d1vq8z1	g.41.8
d1vyba_	d.151.1
d1vyhc1	b.69.4
d1w07a1	a.29.3
d1w07a2	a.29.3
d1w0pa3	b.68.1
d1w2ya_	a.204.1
d1w2za2	d.17.2
d1w2za3	d.17.2
d1w41a1	d.79.3
d1w6ga2	d.17.2
d1w6ga3	d.17.2
d1w6ka1	a.102.4
d1w6ka2	a.102.4
d1w7ca2	d.17.2
d1w7ca3	d.17.2
d1w8ia_	c.120.1
d1w8oa3	b.68.1
d1w94a1	c.51.1
d1wbaa_	b.42.4
d1wc1a_	d.58.29
d1wdua_	d.151.1
d1wiia_	g.41.3
d1wiwa_	c.80.1
d1wjoa_	a.40.1
d1wkua1	a.40.1
d1wlfa2	b.52.2
d1wmha_	d.15.2
d1wmhb_	d.15.2
d1woha_	c.42.1
d1wrua1	b.106.1
d1wrua2	b.106.1
d1wu2a3	c.57.1
d1wu7a1	c.51.1
d1wuda1	a.60.8
d1wura_	d.96.1
d1wuua2	d.58.26
d1x0la_	c.77.1
d1x1oa1	d.41.2
d1x2ia1	a.60.2
d1x52a1	d.79.3
d1x6oa1	b.34.5
d1x6za_	d.24.1
d1x9ya2	d.17.1
d1xbia1	d.79.3
d1xdia2	d.87.1
d1xdpa3	d.136.1
d1xfka_	c.42.1
d1xg4a_	c.1.12
d1xg7a_	a.96.1
d1xhca3	d.87.1
d1xkna_	d.126.1
d1xkpb1	d.198.1
d1xkpc1	d.198.1
d1xl7a1	c.43.1
d1xl7a2	c.43.1
d1xo1a2	c.120.1
d1xpaa1	a.6.1
d1xqoa_	a.96.1
d1xs1a_	b.85.4
d1y14a_	a.60.8
d1y5ea1	c.57.1
d1y5ia1	b.52.2
d1y6xa1	a.204.1
d1yb0a1	d.118.1
d1ybea2	d.41.2
d1ybfa_	c.56.2
d1yc0i_	g.8.1
d1yd9a1	c.50.1
d1ydya1	c.1.18
d1yfqa_	b.69.4
d1ygya2	c.23.12
d1yhla_	a.128.1
d1yira2	d.41.2
d1yk9a_	d.58.29
d1ynfa1	d.126.1
d1ynpa_	c.1.7
d1yq2a1	b.1.4
d1yq2a2	b.1.4
d1yt3a1	a.60.8
d1yt3a2	a.60.8
d1yuaa1	g.41.3
d1yuaa2	g.41.3
d1yvra2	c.62.1
d1yvwa1	a.204.1
d1yx1a1	c.1.15
d1yxoa_	c.77.1
d1yzfa1	c.23.10
d1z7aa1	c.6.2
d1z7kb_	g.68.1
d1z84a1	d.13.1
d1z84a2	d.13.1
d1z8ha_	c.23.10
d1zcca1	c.1.18
d1zlhb1	g.9.1
d1zlhb2	g.9.1
d1zmba1	c.23.10
d1zmia_	g.9.1
d1zsxa_	c.1.7
d1zud2_	d.15.3
d1zuea1	g.9.1
d1zwza1	d.79.3
d1zxta_	d.9.1
d2a0ma1	c.42.1
d2a1ja1	a.60.2
d2a1jb1	a.60.2
d2a40b_	d.151.1
d2a9ga1	d.126.1
d2acfa1	c.50.1
d2ah2a2	b.68.1
d2akla2	g.41.3
d2akoa1	c.73.1
d2apja1	c.23.10
d2aska_	g.17.1
d2ayja1	g.41.8
d2b0ha1	a.24.9
d2b0ta_	c.77.1
d2b5dx2	c.6.2
d2b7na1	d.41.2
d2b94a_	c.56.2
d2bjia_	e.7.1
d2bjoa_	d.227.1
d2bkfa1	d.15.2
d2bo9b1	d.17.1
d2bo9b2	d.17.1
d2brxa1	c.73.1
d2bsya1	b.85.4
d2bsya2	b.85.4
d2c1ia1	c.6.2
d2c35a1	a.60.8
d2c60a1	d.15.2
d2c71a1	c.6.2
d2cc0a1	c.6.2
d2cdqa1	c.73.1
d2cfua1	d.106.1
d2ch9a_	d.17.1
d2ci1a_	d.126.1
d2cpra1	a.60.8
d2csba1	a.60.2
d2csba2	a.60.2
d2csba3	a.60.2
d2csba4	a.60.2
d2cu3a1	d.15.3
d2cx7a_	d.106.1
d2cxha1	c.51.1
d2cxna_	c.80.1
d2cz4a1	d.58.5
d2d1sa_	e.23.1
d2d29a1	a.29.3
d2d5ba1	a.27.1
d2d7va1	d.227.1
d2ddra1	d.151.1
d2deja2	d.58.26
d2dewx3	d.126.1
d2do3a1	b.34.5
d2dt8a_	c.119.1
d2duya1	a.60.2
d2dx6a_	c.50.1
d2e1fa_	a.60.8
d2e5fa_	c.80.1
d2eava_	d.118.1
d2edua1	a.60.2
d2ef5a_	c.42.1
d2ei9a_	d.151.1
d2eo4a_	d.13.1
d2erwa1	g.68.1
d2esua_	b.42.4
d2ewca1	d.79.1
d2f1na1	d.151.1
d2f2la_	d.118.1
d2f5tx2	d.136.1
d2f7fa2	d.41.2
d2fa1a1	d.190.1
d2fdbm1	b.42.1
d2fe1a1	c.120.1
d2fg1a_	c.50.1
d2fgqx_	f.4.3
d2fm8a1	d.198.1
d2ftsa3	c.57.1
d2fug31	b.52.2
d2g0wa1	c.1.15
d2g2ca1	c.57.1
d2g50a2	c.1.12
d2g64a1	d.96.1
d2g7za_	c.119.1
d2gnoa1	a.80.1
d2go2a_	b.42.4
d2gqwa3	d.87.1
d2gr8a1	d.24.1
d2gtaa1	a.204.1
d2gu3a1	d.17.1
d2gu3a2	d.17.1
d2gufa_	f.4.3
d2guja1	b.106.1
d2h1ca1	c.120.1
d2h6fb1	a.102.4
d2hbja1	a.60.8
d2hfva1	d.58.5
d2hi1a_	c.77.1
d2hj1a1	d.15.3
d2hmfa1	c.73.1
d2hsja1	c.23.10
d2hv2a1	d.106.1
d2i00a1	d.106.1
d2i1oa1	d.41.2
d2i2t11	g.41.8
d2i2wa_	c.80.1
d2i5ia1	c.6.2
d2i9da_	c.43.1
d2ikka1	d.190.1
d2ilaa_	b.42.1
d2im5a1	d.41.2
d2imqx_	d.151.1
d2imsa_	f.1.4
d2iu4a_	c.119.1
d2iv2x1	b.52.2
d2iw0a1	c.6.2
d2j0151	g.41.8
d2j0161	g.41.8
d2j01t1	b.34.5
d2j01y1	b.34.5
d2j0wa1	c.73.1
d2j13a1	c.6.2
d2j4ka_	c.73.1
d2jc5a_	d.151.1
d2je6a2	d.101.1
d2je6b2	d.101.1
d2je8a1	b.1.4
d2je8a2	b.1.4
d2je8a3	b.1.4
d2jg6a_	a.96.1
d2joya1	b.34.5
d2k4xa1	g.41.8
d2k7wa1	f.1.4
d2mpra_	f.4.3
d2naca2	c.23.12
d2nl9a_	f.1.4
d2nlsa_	g.9.1
d2nlya1	c.6.2
d2nn6a2	d.101.1
d2nn6b2	d.101.1
d2nn6c2	d.101.1
d2nn6d2	d.101.1
d2nn6e2	d.101.1
d2nn6f2	d.101.1
d2npta1	d.15.2
d2nsfa2	d.106.1
d2nuha_	d.58.5
d2nwia1	d.190.1
d2o14a2	c.23.10
d2o3ha_	d.151.1
d2o55a_	c.1.18
d2o8ra3	d.136.1
d2o8ra4	d.136.1
d2o9ux_	d.17.1
d2octa_	d.17.1
d2odpa1	c.62.1
d2ofka_	a.96.1
d2ogga1	d.190.1
d2oiea1	a.204.1
d2oika1	d.13.1
d2onfa1	d.227.1
d2ooia1	d.190.1
d2opla1	d.227.1
d2oqea2	d.17.2
d2oqea3	d.17.2
d2otda_	c.1.18
d2otma1	d.79.1
d2ovrb2	b.69.4
d2ozga1	d.106.1
d2ozna1	b.2.2
d2p06a1	a.204.1
d2p10a1	c.1.12
d2p19a1	d.190.1
d2p39a_	b.42.1
d2p5zx2	b.106.1
d2p5zx3	b.106.1
d2pbib_	b.69.4
d2pcra_	e.7.1
d2pg0a2	a.29.3
d2piaa2	c.25.1
d2pkha1	d.190.1
d2plca_	c.1.18
d2plga1	d.198.1
d2pn2a1	d.227.1
d2pofa1	d.13.1
d2pora_	f.4.3
d2pp6a1	b.106.1
d2ps5a_	a.128.1
d2pz0a_	c.1.18
d2q02a1	c.1.15
d2q3ua_	d.126.1
d2q73a_	a.204.1
d2q80a1	a.128.1
d2qam01	g.41.8
d2qdxa2	c.25.1
d2qi2a3	d.79.3
d2qifa_	d.58.17
d2qisa_	a.128.1
d2qjla_	d.15.3
d2qjza_	a.40.1
d2qojz1	d.95.2
d2qojz2	d.95.2
d2qtva3	c.62.1
d2r9ga1	a.80.1
d2ra4a_	d.9.1
d2ra5a1	d.190.1
d2rc5a2	c.25.1
d2rd5a_	c.73.1
d2reha1	a.29.3
d2reta1	d.24.1
d2retb1	d.24.1
d2rkqa_	d.118.1
d2slia2	b.68.1
d2spca_	a.7.1
d2sqca1	a.102.4
d2sqca2	a.102.4
d2tgia_	g.17.1
d2uuyb1	g.8.1
d2v0na3	d.58.29
d2v7ba_	e.23.1
d2v9ya1	d.79.4
d2v9ya2	d.139.1
d2va1a_	c.73.1
d2vd3a2	d.58.5
d2vgna3	d.79.3
d2vn6a_	b.2.2
d2vo8a1	b.2.2
d2voaa_	d.151.1
d2vofa_	f.1.4
d2vwsa_	c.1.12
d2vxti_	b.42.1
d2vzsa1	b.1.4
d2vzsa2	b.1.4
d2vzsa3	b.1.4
d2w01a_	d.58.29
d2w21a_	c.73.1
d2wa7a2	a.40.1
d2we5a_	c.73.1
d2wkxa2	d.118.1
d2wnha_	c.60.1
d2wnxa_	b.2.2
d2wy8a_	a.102.4
d2wz1a_	d.58.29
d2x1wa_	g.17.1
d2xbla_	c.80.1
d2xbta_	b.2.2
d2xhia2	a.96.1
d2xmja_	d.58.17
d2xmwa_	d.58.17
d2xz4a_	d.118.1
d2y28a_	d.118.1
d2yaya_	a.204.1
d2yhea2	d.106.1
d2yvaa_	c.80.1
d2yyea1	d.79.4
d2yyea2	d.139.1
d2yzca1	d.96.1
d2z1ea1	d.79.4
d2z1ea2	d.139.1
d2z4ua_	d.165.1
d2zfga_	f.4.3
d2zkmx4	c.1.18
d2zr1a_	d.165.1
d3aala_	c.1.15
d3aama_	c.1.15
d3b4ya_	c.1.16
d3b7ea_	b.68.1
d3b9oa_	c.1.16
d3bgea1	a.80.1
d3biga_	e.7.1
d3bkra_	d.106.1
d3bl2a_	f.1.4
d3blxa_	c.77.1
d3brda2	b.2.5
d3bsfa_	c.56.2
d3bvua3	c.6.2
d3bwga2	d.190.1
d3bwha_	d.165.1
d3bwza_	b.2.2
d3bx1c_	b.42.4
d3bzka1	a.60.2
d3bzka2	a.60.2
d3bzwa1	c.23.10
d3c10a_	c.42.1
d3c9ua1	d.79.4
d3c9ua2	d.139.1
d3cdda1	b.106.1
d3cdda2	b.106.1
d3ch0a_	c.1.18
d3ci0i1	d.24.1
d3ci0j1	d.24.1
d3ci0k3	d.24.1
d3cjkb_	d.58.17
d3claa_	c.43.1
d3cnva1	d.190.1
d3ctda1	a.80.1
d3ctka1	d.165.1
d3cw9a_	e.23.1
d3d01a_	d.79.1
d3d06a_	b.2.5
d3d31a1	b.40.6
d3d37a1	b.106.1
d3d37a2	b.106.1
d3dc7a1	c.23.10
d3dd6a2	d.101.1
d3ddoa_	c.56.2
d3ddva1	d.190.1
d3dfea_	d.58.5
d3dk9a3	d.87.1
d3dssb_	a.102.4
d3dxsx_	d.58.17
d3ea1a_	c.1.18
d3eera_	d.227.1
d3ejfa_	c.50.1
d3ejga_	c.50.1
d3epua_	d.198.1
d3erpa_	c.1.7
d3ew8a_	c.42.1
d3f0na2	d.58.26
d3f31a_	a.7.1
d3fdja_	c.119.1
d3ff1a_	c.80.1
d3fhva_	d.24.1
d3fj1a_	c.80.1
d3flka_	c.77.1
d3fuca_	c.56.2
d3gaxa_	d.17.1
d3gv3a_	d.9.1
d3h8ja1	c.120.1
d3hfia_	d.190.1
d3hn3a2	b.1.4
d3hp4a_	c.23.10
d3hvma_	d.126.1
d3hzaa_	b.85.4
d3i7ta_	d.79.1
d3iira_	b.42.4
d3imab_	d.17.1
d3imia_	d.13.1
d3ivra_	e.23.1
d3iwla_	d.58.17
d3iwta_	c.57.1
d3jr7a_	c.119.1
d3knza_	c.80.1
d3ks6a_	c.1.18
d3ksva_	d.13.1
d3ktza_	d.165.1
d3l0ga1	d.41.2
d3l60a_	c.43.1
d3l8wa1	d.96.1
d3l8wa2	d.96.1
d3lb5a_	d.13.1
d3lg3a_	c.1.12
d3lhea_	d.190.1
d3lhla_	c.42.1
d3lmea_	d.79.1
d3lo8a2	c.25.1
d3lqwa_	b.85.4
d3lsna_	a.128.1
d3lupa_	c.119.1
d3lv0a_	e.7.1
d3lx3a_	d.96.1
d3m00a2	a.128.1
d3m1xa_	d.79.1
d3m7ng2	d.101.1
d3m7qb_	g.8.1
d3m84a1	d.79.4
d3m84a2	d.139.1
d3maea_	c.43.1
d3mcqa1	d.79.4
d3mcqa2	d.139.1
d3mkha2	a.29.3
d3mksb2	b.69.4
d3ml1a2	b.52.2
d3mr7a_	d.58.29
d3mvga_	d.165.1
d3n0fa1	a.102.4
d3n2ta_	c.1.7
d3ni2a_	e.23.1
d3nioa_	c.42.1
d3no3a_	c.1.18
d3npka_	a.128.1
d3ntla_	c.60.1
d3nyia_	c.119.1
d3o1ca_	d.13.1
d3o83a_	e.23.1
d3obca_	a.204.1
d3orya1	c.120.1
d3os4a1	d.41.2
d3ouga_	b.52.2
d3p0ta_	d.13.1
d3paja1	d.41.2
d3pgua_	f.4.3
d3prna_	f.4.3
d3px8x_	d.165.1
d3pzla_	c.42.1
d3pzya_	c.57.1
d3qfta2	c.25.1
d3qvqa_	c.1.18
d3qz6a_	c.1.12
d3r44a_	e.23.1
d3r5ga_	d.58.29
d3r7ka2	a.29.3
d3raoa_	c.1.16
d3rdra_	d.118.1
d3rlfa2	b.40.6
d3sdoa_	c.1.16
d3sila_	b.68.1
d3sp7a_	f.1.4
d3swoa2	a.29.3
d3t0ja_	e.7.1
d3t64a_	b.85.4
d3t94a_	c.56.2
d3tc2a_	b.42.4
d3tn2a_	d.9.1
d3tq5a_	b.85.4
d3tqoa2	a.27.1
d3tqva1	d.41.2
d3u1eb2	a.27.1
d3uawa_	c.56.2
d3ucaa_	a.128.1
d3ul4a_	b.2.2
d3uvka_	b.69.4
d3v0sa1	c.1.7
d3v4da_	d.79.1
d3vj8a_	a.128.1
d3vmka_	c.77.1
d3w5ha2	c.25.1
d3wg6a_	c.1.7
d3zqka_	c.62.1
d3zqxa_	b.2.2
d3zuca_	b.2.2
d3zzha_	c.73.1
d4a7wa_	c.73.1
d4affa_	d.58.5
d4arua_	c.60.1
d4atya_	c.77.1
d4ay9b_	g.17.1
d4azda_	b.52.2
d4b0ha_	b.85.4
d4bofa_	d.126.1
d4du6a_	d.96.1
d4e4ra_	c.77.1
d4e9ea_	a.96.1
d4eb2a_	d.165.1
d4egua_	d.13.1
d4eh1a2	c.25.1
d4eyca_	d.17.1
d4f1ra_	d.151.1
d4f1wa_	c.56.2
d4f6ta_	c.73.1
d4fjqa1	a.102.4
d4fjqa2	a.128.1
d4fuqa_	e.23.1
d4gaia_	b.42.1
d4gdia_	b.68.1
d4gf3a_	d.198.1
d4giea_	c.1.7
d4h4aa_	d.136.1
d4hr3a2	a.29.3
d4hwwa_	c.42.1
d4ij5a_	c.60.1
d4iqpa2	b.42.4
d4ir8a_	e.7.1
d4iyja_	c.23.10
d4iyqa_	d.58.5
d4j2ka_	b.42.4
d4ja8a_	c.77.1
d4josa_	c.56.2
d4kwda_	a.128.1
d4l0ma_	c.56.2
