YMR108W	Acetolactate-synthase:1.0
YCL009C	Acetolactate-synthase:1.0
YAL029C	Actin-associated-motorproteins:1.0
YBR172C	Actin-associated-motorproteins:1.0
YOR326W	Actin-associated-motorproteins:1.0
YHR023W	Actin-associated-motorproteins:1.0
YMR109W	Actin-associated-motorproteins:1.0
YKL079W	Actin-associated-motorproteins:1.0
YKL129C	Actin-associated-motorproteins:1.0
YHR179W	Actin-associated-proteins:1.0
YIL034C	Actin-associated-proteins:1.0
YLL050C	Actin-associated-proteins:1.0
YLR337C	Actin-associated-proteins:1.0
YLR319C	Actin-associated-proteins:1.0
YIL138C	Actin-associated-proteins:1.0
YKL007W	Actin-associated-proteins:1.0
YIR006C	Actin-associated-proteins:1.0
YLR429W	Actin-associated-proteins:1.0
YNL079C	Actin-associated-proteins:1.0
YNL243W	Actin-associated-proteins:1.0
YOR181W	Actin-associated-proteins:1.0
YOR122C	Actin-associated-proteins:1.0
YNL138W	Actin-associated-proteins:1.0
YMR092C	Actin-associated-proteins:1.0
YGR080W	Actin-associated-proteins:1.0
YBL007C	Actin-associated-proteins:1.0
YBR200W	Actin-associated-proteins:1.0
YCR088W	Actin-associated-proteins:1.0
YDL178W	Actin-associated-proteins:1.0
YDR388W	Actin-associated-proteins:1.0
YDR129C	Actin-associated-proteins:1.0
YDL029W	Actin-associated-proteins:1.0
YCL040W	Actin-associated-proteins:1.0
YBR234C	Actin-associated-proteins:1.0
YOL148C	ADA-complex:1.0
YDR448W	ADA-complex:1.0
YGR252W	ADA-complex:1.0
YHR099W	ADA-complex:1.0
YPL254W	ADA-complex:1.0
YDR176W	ADA-complex:1.0
YGL032C	Alpha-agglutinin-anchor:1.0
YNR044W	Alpha-agglutinin-anchor:1.0
YML100W	Alpha-alpha-trehalose-phosphate-synthase:1.0
YMR261C	Alpha-alpha-trehalose-phosphate-synthase:1.0
YBR126C	Alpha-alpha-trehalose-phosphate-synthase:1.0
YDR074W	Alpha-alpha-trehalose-phosphate-synthase:1.0
YBL084C	Anaphase-promoting-complex:1.0
YDR118W	Anaphase-promoting-complex:1.0
YDL008W	Anaphase-promoting-complex:1.0
YFR036W	Anaphase-promoting-complex:1.0
YGL240W	Anaphase-promoting-complex:1.0
YNL172W	Anaphase-promoting-complex:1.0
YOR249C	Anaphase-promoting-complex:1.0
YHR166C	Anaphase-promoting-complex:1.0
YLR127C	Anaphase-promoting-complex:1.0
YLR102C	Anaphase-promoting-complex:1.0
YKL022C	Anaphase-promoting-complex:1.0
YKL211C	Anthranilate-synthase:1.0
YER090W	Anthranilate-synthase:1.0
YPL259C	AP-1-complex:1.0
YPR029C	AP-1-complex:1.0
YKL135C	AP-1-complex:1.0
YLR170C	AP-1-complex:1.0
YJR005W	AP-2-complex:1.0
YJR058C	AP-2-complex:1.0
YOL062C	AP-2-complex:1.0
YBL037W	AP-2-complex:1.0
YBR288C	AP-3-complex:1.0
YPL195W	AP-3-complex:1.0
YGR261C	AP-3-complex:1.0
YJL024C	AP-3-complex:1.0
YML099C	ARG-complex:1.0
YMR042W	ARG-complex:1.0
YMR043W	ARG-complex:1.0
YDR173C	ARG-complex:1.0
YOR303W	Arginine-specific-carbamoylphosphate-synthase:1.0
YJR109C	Arginine-specific-carbamoylphosphate-synthase:1.0
YIL062C	Arp2p-Arp3p-complex:1.0
YLR370C	Arp2p-Arp3p-complex:1.0
YKL013C	Arp2p-Arp3p-complex:1.0
YJR065C	Arp2p-Arp3p-complex:1.0
YNR035C	Arp2p-Arp3p-complex:1.0
YDL029W	Arp2p-Arp3p-complex:1.0
YBL078C	Aut2p-Aut7p-complex:1.0
YNL223W	Aut2p-Aut7p-complex:1.0
YLR433C	Calcineurin-B:1.0
YML057W	Calcineurin-B:1.0
YKL190W	Calcineurin-B:1.0
YIL033C	cAMP-dependent-protein-kinase:1.0
YKL166C	cAMP-dependent-protein-kinase:1.0
YJL164C	cAMP-dependent-protein-kinase:1.0
YPL203W	cAMP-dependent-protein-kinase:1.0
YPL204W	Casein-kinase:1.0
YER123W	Casein-kinase:1.0
YHR135C	Casein-kinase:1.0
YGL019W	Casein-kinase:1.0
YIL035C	Casein-kinase:1.0
YNL154C	Casein-kinase:1.0
YOR061W	Casein-kinase:1.0
YOR039W	Casein-kinase:1.0
YNL154C	Casein-kinase-I:1.0
YER123W	Casein-kinase-I:1.0
YHR135C	Casein-kinase-I:1.0
YPL204W	Casein-kinase-I:1.0
YGL019W	Casein-kinase-II:1.0
YOR039W	Casein-kinase-II:1.0
YOR061W	Casein-kinase-II:1.0
YIL035C	Casein-kinase-II:1.0
YGR088W	Catalase:1.0
YDR256C	Catalase:1.0
YIR017C	Cbf1-Met4-Met28-complex:1.0
YJR060W	Cbf1-Met4-Met28-complex:1.0
YNL103W	Cbf1-Met4-Met28-complex:1.0
YKL109W	CCAAT-binding-factor-complex:1.0
YBL021C	CCAAT-binding-factor-complex:1.0
YOR358W	CCAAT-binding-factor-complex:1.0
YGL237C	CCAAT-binding-factor-complex:1.0
YER068W	CCR4-complex:1.0
YFL028C	CCR4-complex:1.0
YGR092W	CCR4-complex:1.0
YPR072W	CCR4-complex:1.0
YAL021C	CCR4-complex:1.0
YDL160C	CCR4-complex:1.0
YDL165W	CCR4-complex:1.0
YCR093W	CCR4-complex:1.0
YIL038C	CCR4-complex:1.0
YKR036C	CCR4-complex:1.0
YJR122W	CCR4-complex:1.0
YIL106W	CCR4-complex:1.0
YNR052C	CCR4-complex:1.0
YMR199W	Cdc28p-complexes:1.0
YLR210W	Cdc28p-complexes:1.0
YAL040C	Cdc28p-complexes:1.0
YDL155W	Cdc28p-complexes:1.0
YBR160W	Cdc28p-complexes:1.0
YPL256C	Cdc28p-complexes:1.0
YPR119W	Cdc28p-complexes:1.0
YPR120C	Cdc28p-complexes:1.0
YGR108W	Cdc28p-complexes:1.0
YGR109C	Cdc28p-complexes:1.0
YGR140W	CENIII-complex:1.0
YDR328C	CENIII-complex:1.0
YMR094W	CENIII-complex:1.0
YMR168C	CENIII-complex:1.0
YIL142W	Chaperonine-containing-T-complex-TRiC:1.0
YJL111W	Chaperonine-containing-T-complex-TRiC:1.0
YJR064W	Chaperonine-containing-T-complex-TRiC:1.0
YJL008C	Chaperonine-containing-T-complex-TRiC:1.0
YJL014W	Chaperonine-containing-T-complex-TRiC:1.0
YDL143W	Chaperonine-containing-T-complex-TRiC:1.0
YDR212W	Chaperonine-containing-T-complex-TRiC:1.0
YDR188W	Chaperonine-containing-T-complex-TRiC:1.0
YBR195C	Chromatin-assembly-complex:1.0
YPR018W	Chromatin-assembly-complex:1.0
YML102W	Chromatin-assembly-complex:1.0
YMR231W	Class-C-Vps-protein-complex:1.0
YLR148W	Class-C-Vps-protein-complex:1.0
YLR396C	Class-C-Vps-protein-complex:1.0
YPL045W	Class-C-Vps-protein-complex:1.0
YGL206C	Clathrin:1.0
YGR167W	Clathrin:1.0
YML012W	Coat-complexes:1.0
YNL287W	Coat-complexes:1.0
YOR069W	Coat-complexes:1.0
YOR132W	Coat-complexes:1.0
YIL076W	Coat-complexes:1.0
YIL109C	Coat-complexes:1.0
YLR208W	Coat-complexes:1.0
YJL154C	Coat-complexes:1.0
YJL053W	Coat-complexes:1.0
YAL007C	Coat-complexes:1.0
YAL042W	Coat-complexes:1.0
YDL192W	Coat-complexes:1.0
YDR170C	Coat-complexes:1.0
YDR238C	Coat-complexes:1.0
YDL195W	Coat-complexes:1.0
YDL145C	Coat-complexes:1.0
YAR002C-A	Coat-complexes:1.0
YPL010W	Coat-complexes:1.0
YPL218W	Coat-complexes:1.0
YPR181C	Coat-complexes:1.0
YPL085W	Coat-complexes:1.0
YFR051C	Coat-complexes:1.0
YGL200C	Coat-complexes:1.0
YHR012W	Coat-complexes:1.0
YGL137W	Coat-complexes:1.0
YER148W	Core-Factor:1.0
YBL014C	Core-Factor:1.0
YJL025W	Core-Factor:1.0
YML043C	Core-Factor:1.0
YDR529C	Cytochrome-bc1-complex:1.0
YFR033C	Cytochrome-bc1-complex:1.0
YHR001W-A	Cytochrome-bc1-complex:1.0
YGR183C	Cytochrome-bc1-complex:1.0
YEL024W	Cytochrome-bc1-complex:1.0
YPR191W	Cytochrome-bc1-complex:1.0
YBL045C	Cytochrome-bc1-complex:1.0
YJL166W	Cytochrome-bc1-complex:1.0
YOR065W	Cytochrome-bc1-complex:1.0
YMR256C	Cytochrome-c-oxidase:1.0
YNL052W	Cytochrome-c-oxidase:1.0
YLR038C	Cytochrome-c-oxidase:1.0
YLR395C	Cytochrome-c-oxidase:1.0
YDL067C	Cytochrome-c-oxidase:1.0
YGL187C	Cytochrome-c-oxidase:1.0
YHR051W	Cytochrome-c-oxidase:1.0
YGL191W	Cytochrome-c-oxidase:1.0
YDR418W	cytoplasmic-ribosomal-large-subunit:1.0
YEL054C	cytoplasmic-ribosomal-large-subunit:1.0
YGR148C	cytoplasmic-ribosomal-large-subunit:1.0
YGL076C	cytoplasmic-ribosomal-large-subunit:1.0
YGL031C	cytoplasmic-ribosomal-large-subunit:1.0
YGL030W	cytoplasmic-ribosomal-large-subunit:1.0
YFR032C-A	cytoplasmic-ribosomal-large-subunit:1.0
YFR031C-A	cytoplasmic-ribosomal-large-subunit:1.0
YFL034C-A	cytoplasmic-ribosomal-large-subunit:1.0
YER117W	cytoplasmic-ribosomal-large-subunit:1.0
YER056C-A	cytoplasmic-ribosomal-large-subunit:1.0
YDR471W	cytoplasmic-ribosomal-large-subunit:1.0
YHR141C	cytoplasmic-ribosomal-large-subunit:1.0
YHR010W	cytoplasmic-ribosomal-large-subunit:1.0
YHL033C	cytoplasmic-ribosomal-large-subunit:1.0
YHL001W	cytoplasmic-ribosomal-large-subunit:1.0
YGR085C	cytoplasmic-ribosomal-large-subunit:1.0
YGR034W	cytoplasmic-ribosomal-large-subunit:1.0
YGL147C	cytoplasmic-ribosomal-large-subunit:1.0
YGL135W	cytoplasmic-ribosomal-large-subunit:1.0
YGL103W	cytoplasmic-ribosomal-large-subunit:1.0
YDR500C	cytoplasmic-ribosomal-large-subunit:1.0
YBL027W	cytoplasmic-ribosomal-large-subunit:1.0
YBL087C	cytoplasmic-ribosomal-large-subunit:1.0
YBL092W	cytoplasmic-ribosomal-large-subunit:1.0
YDR382W	cytoplasmic-ribosomal-large-subunit:1.0
YDR012W	cytoplasmic-ribosomal-large-subunit:1.0
YDL191W	cytoplasmic-ribosomal-large-subunit:1.0
YDL184C	cytoplasmic-ribosomal-large-subunit:1.0
YDL136W	cytoplasmic-ribosomal-large-subunit:1.0
YDL133C-A	cytoplasmic-ribosomal-large-subunit:1.0
YDL130W	cytoplasmic-ribosomal-large-subunit:1.0
YDL082W	cytoplasmic-ribosomal-large-subunit:1.0
YDL081C	cytoplasmic-ribosomal-large-subunit:1.0
YDL075W	cytoplasmic-ribosomal-large-subunit:1.0
YBR191W	cytoplasmic-ribosomal-large-subunit:1.0
YBR084C-A	cytoplasmic-ribosomal-large-subunit:1.0
YBR031W	cytoplasmic-ribosomal-large-subunit:1.0
YOR312C	cytoplasmic-ribosomal-large-subunit:1.0
YPR043W	cytoplasmic-ribosomal-large-subunit:1.0
YPR102C	cytoplasmic-ribosomal-large-subunit:1.0
YPL220W	cytoplasmic-ribosomal-large-subunit:1.0
YPL249C-A	cytoplasmic-ribosomal-large-subunit:1.0
YPL143W	cytoplasmic-ribosomal-large-subunit:1.0
YPL198W	cytoplasmic-ribosomal-large-subunit:1.0
YPL131W	cytoplasmic-ribosomal-large-subunit:1.0
YPL079W	cytoplasmic-ribosomal-large-subunit:1.0
YIL018W	cytoplasmic-ribosomal-large-subunit:1.0
YLR340W	cytoplasmic-ribosomal-large-subunit:1.0
YLR325C	cytoplasmic-ribosomal-large-subunit:1.0
YLR185W	cytoplasmic-ribosomal-large-subunit:1.0
YLR075W	cytoplasmic-ribosomal-large-subunit:1.0
YLR061W	cytoplasmic-ribosomal-large-subunit:1.0
YLR029C	cytoplasmic-ribosomal-large-subunit:1.0
YLL045C	cytoplasmic-ribosomal-large-subunit:1.0
YKR094C	cytoplasmic-ribosomal-large-subunit:1.0
YKL180W	cytoplasmic-ribosomal-large-subunit:1.0
YLR406C	cytoplasmic-ribosomal-large-subunit:1.0
YLR344W	cytoplasmic-ribosomal-large-subunit:1.0
YIL148W	cytoplasmic-ribosomal-large-subunit:1.0
YJL177W	cytoplasmic-ribosomal-large-subunit:1.0
YJL189W	cytoplasmic-ribosomal-large-subunit:1.0
YKL006W	cytoplasmic-ribosomal-large-subunit:1.0
YJR094W-A	cytoplasmic-ribosomal-large-subunit:1.0
YIL133C	cytoplasmic-ribosomal-large-subunit:1.0
YIL052C	cytoplasmic-ribosomal-large-subunit:1.0
YLR448W	cytoplasmic-ribosomal-large-subunit:1.0
YNL069C	cytoplasmic-ribosomal-large-subunit:1.0
YOR234C	cytoplasmic-ribosomal-large-subunit:1.0
YOR063W	cytoplasmic-ribosomal-large-subunit:1.0
YOL127W	cytoplasmic-ribosomal-large-subunit:1.0
YOL120C	cytoplasmic-ribosomal-large-subunit:1.0
YOL039W	cytoplasmic-ribosomal-large-subunit:1.0
YNL301C	cytoplasmic-ribosomal-large-subunit:1.0
YNL162W	cytoplasmic-ribosomal-large-subunit:1.0
YNL067W	cytoplasmic-ribosomal-large-subunit:1.0
YMR142C	cytoplasmic-ribosomal-large-subunit:1.0
YMR242C	cytoplasmic-ribosomal-large-subunit:1.0
YMR194W	cytoplasmic-ribosomal-large-subunit:1.0
YMR121C	cytoplasmic-ribosomal-large-subunit:1.0
YML073C	cytoplasmic-ribosomal-large-subunit:1.0
YLR441C	cytoplasmic-ribosomal-small-subunit:1.0
YOR182C	cytoplasmic-ribosomal-small-subunit:1.0
YOR167C	cytoplasmic-ribosomal-small-subunit:1.0
YOR096W	cytoplasmic-ribosomal-small-subunit:1.0
YOL121C	cytoplasmic-ribosomal-small-subunit:1.0
YOL040C	cytoplasmic-ribosomal-small-subunit:1.0
YNL302C	cytoplasmic-ribosomal-small-subunit:1.0
YNL178W	cytoplasmic-ribosomal-small-subunit:1.0
YNL096C	cytoplasmic-ribosomal-small-subunit:1.0
YMR143W	cytoplasmic-ribosomal-small-subunit:1.0
YMR116C	cytoplasmic-ribosomal-small-subunit:1.0
YML024W	cytoplasmic-ribosomal-small-subunit:1.0
YMR230W	cytoplasmic-ribosomal-small-subunit:1.0
YML063W	cytoplasmic-ribosomal-small-subunit:1.0
YML026C	cytoplasmic-ribosomal-small-subunit:1.0
YHR203C	cytoplasmic-ribosomal-small-subunit:1.0
YLR388W	cytoplasmic-ribosomal-small-subunit:1.0
YLR367W	cytoplasmic-ribosomal-small-subunit:1.0
YLR287C-A	cytoplasmic-ribosomal-small-subunit:1.0
YLR264W	cytoplasmic-ribosomal-small-subunit:1.0
YLR167W	cytoplasmic-ribosomal-small-subunit:1.0
YLR048W	cytoplasmic-ribosomal-small-subunit:1.0
YKR057W	cytoplasmic-ribosomal-small-subunit:1.0
YKL156W	cytoplasmic-ribosomal-small-subunit:1.0
YJR145C	cytoplasmic-ribosomal-small-subunit:1.0
YJR123W	cytoplasmic-ribosomal-small-subunit:1.0
YJL191W	cytoplasmic-ribosomal-small-subunit:1.0
YLR333C	cytoplasmic-ribosomal-small-subunit:1.0
YJL190C	cytoplasmic-ribosomal-small-subunit:1.0
YJL136C	cytoplasmic-ribosomal-small-subunit:1.0
YIL069C	cytoplasmic-ribosomal-small-subunit:1.0
YOR293W	cytoplasmic-ribosomal-small-subunit:1.0
YOR369C	cytoplasmic-ribosomal-small-subunit:1.0
YPR132W	cytoplasmic-ribosomal-small-subunit:1.0
YPL090C	cytoplasmic-ribosomal-small-subunit:1.0
YPL081W	cytoplasmic-ribosomal-small-subunit:1.0
YBL072C	cytoplasmic-ribosomal-small-subunit:1.0
YBR048W	cytoplasmic-ribosomal-small-subunit:1.0
YDR064W	cytoplasmic-ribosomal-small-subunit:1.0
YDR025W	cytoplasmic-ribosomal-small-subunit:1.0
YDL083C	cytoplasmic-ribosomal-small-subunit:1.0
YCR031C	cytoplasmic-ribosomal-small-subunit:1.0
YDL061C	cytoplasmic-ribosomal-small-subunit:1.0
YBR189W	cytoplasmic-ribosomal-small-subunit:1.0
YBR181C	cytoplasmic-ribosomal-small-subunit:1.0
YDR447C	cytoplasmic-ribosomal-small-subunit:1.0
YER131W	cytoplasmic-ribosomal-small-subunit:1.0
YHR021C	cytoplasmic-ribosomal-small-subunit:1.0
YHL015W	cytoplasmic-ribosomal-small-subunit:1.0
YGR214W	cytoplasmic-ribosomal-small-subunit:1.0
YGR118W	cytoplasmic-ribosomal-small-subunit:1.0
YGR027C	cytoplasmic-ribosomal-small-subunit:1.0
YGL189C	cytoplasmic-ribosomal-small-subunit:1.0
YGL123W	cytoplasmic-ribosomal-small-subunit:1.0
YER102W	cytoplasmic-ribosomal-small-subunit:1.0
YER074W	cytoplasmic-ribosomal-small-subunit:1.0
YDR450W	cytoplasmic-ribosomal-small-subunit:1.0
YBR143C	Cytoplasmic-translation-termination:1.0
YDR172W	Cytoplasmic-translation-termination:1.0
YLR288C	Ddc1p-Mec3p-complex:1.0
YPL194W	Ddc1p-Mec3p-complex:1.0
YER176W	DNA-helicases:1.0
YHR164C	DNA-helicases:1.0
YGL090W	DNA-ligase-IV:1.0
YOR005C	DNA-ligase-IV:1.0
YMR167W	DNA-mismatch-repair-complexes:1.0
YNL082W	DNA-mismatch-repair-complexes:1.0
YOL090W	DNA-mismatch-repair-complexes:1.0
YCR092C	DNA-mismatch-repair-complexes:1.0
YDR097C	DNA-mismatch-repair-complexes:1.0
YBL035C	DNA-polymerase-alphaI-primase-complex:1.0
YNL102W	DNA-polymerase-alphaI-primase-complex:1.0
YIR008C	DNA-polymerase-alphaI-primase-complex:1.0
YKL045W	DNA-polymerase-alphaI-primase-complex:1.0
YJR006W	DNA-polymerase-deltaIII:1.0
YJR043C	DNA-polymerase-deltaIII:1.0
YDL102W	DNA-polymerase-deltaIII:1.0
YBR278W	DNA-polymerase-epsilonII:1.0
YPR175W	DNA-polymerase-epsilonII:1.0
YNL262W	DNA-polymerase-epsilonII:1.0
YIL139C	DNA-polymerase-zeta:1.0
YPL167C	DNA-polymerase-zeta:1.0
YMR294W	Dynactin-complex:1.0
YHR129C	Dynactin-complex:1.0
YPL174C	Dynactin-complex:1.0
YDR424C	Dynein-complex-motorproteins:1.0
YDR488C	Dynein-complex-motorproteins:1.0
YKR054C	Dynein-complex-motorproteins:1.0
YKL081W	eEF1:1.0
YKR084C	eEF1:1.0
YPL048W	eEF1:1.0
YPR080W	eEF1:1.0
YAL003W	eEF1:1.0
YBR118W	eEF1:1.0
YDR385W	eEF2:1.0
YOR133W	eEF2:1.0
YJR007W	eIF2:1.0
YPL237W	eIF2:1.0
YER025W	eIF2:1.0
YGR083C	eIF2B:1.0
YOR260W	eIF2B:1.0
YDR211W	eIF2B:1.0
YKR026C	eIF2B:1.0
YLR291C	eIF2B:1.0
YMR146C	eIF3:1.0
YNL244C	eIF3:1.0
YNL062C	eIF3:1.0
YMR309C	eIF3:1.0
YBR079C	eIF3:1.0
YOR361C	eIF3:1.0
YDR429C	eIF3:1.0
YJL138C	eIF4A:1.0
YKR059W	eIF4A:1.0
YOL139C	eIF4E-eIF4G-Pab1p-complex:1.0
YER165W	eIF4E-eIF4G-Pab1p-complex:1.0
YGR162W	eIF4E-eIF4G-Pab1p-complex:1.0
YGL049C	eIF4F:1.0
YGR162W	eIF4F:1.0
YOR276W	eIF4F:1.0
YEL034W	eIF5A:1.0
YJR047C	eIF5A:1.0
YKL119C	ER-assembly-complex:1.0
YHR060W	ER-assembly-complex:1.0
YER019C-A	ER-protein-translocation-complex:1.0
YER087C-B	ER-protein-translocation-complex:1.0
YPL094C	ER-protein-translocation-complex:1.0
YBR171W	ER-protein-translocation-complex:1.0
YDR086C	ER-protein-translocation-complex:1.0
YJL034W	ER-protein-translocation-complex:1.0
YLR378C	ER-protein-translocation-complex:1.0
YLR292C	ER-protein-translocation-complex:1.0
YOR254C	ER-protein-translocation-complex:1.0
YIL068C	Exocyst-complex:1.0
YLR166C	Exocyst-complex:1.0
YJL085W	Exocyst-complex:1.0
YDR166C	Exocyst-complex:1.0
YPR055W	Exocyst-complex:1.0
YER008C	Exocyst-complex:1.0
YGL233W	Exocyst-complex:1.0
YGR095C	Exosome-complex:1.0
YHR069C	Exosome-complex:1.0
YGR195W	Exosome-complex:1.0
YCR035C	Exosome-complex:1.0
YDL111C	Exosome-complex:1.0
YDR280W	Exosome-complex:1.0
YOL021C	Exosome-complex:1.0
YKL019W	Farnesyltransferase:1.0
YDL090C	Farnesyltransferase:1.0
YPL231W	Fatty-acid-synthetase-cytoplasmic:1.0
YKL182W	Fatty-acid-synthetase-cytoplasmic:1.0
YJR121W	F0-F1-ATP-synthase:1.0
YLR295C	F0-F1-ATP-synthase:1.0
YKL016C	F0-F1-ATP-synthase:1.0
YML081C-A	F0-F1-ATP-synthase:1.0
YOL077W-A	F0-F1-ATP-synthase:1.0
YPL078C	F0-F1-ATP-synthase:1.0
YPL271W	F0-F1-ATP-synthase:1.0
YPR020W	F0-F1-ATP-synthase:1.0
YBL099W	F0-F1-ATP-synthase:1.0
YBR039W	F0-F1-ATP-synthase:1.0
YDR298C	F0-F1-ATP-synthase:1.0
YDR377W	F0-F1-ATP-synthase:1.0
YDR322C-A	F0-F1-ATP-synthase:1.0
YDL181W	F0-F1-ATP-synthase:1.0
YDL004W	F0-F1-ATP-synthase:1.0
YDR009W	GAL80-complex:1.0
YPL248C	GAL80-complex:1.0
YML051W	GAL80-complex:1.0
YNL126W	gamma-tubulin-complex:1.0
YHR172W	gamma-tubulin-complex:1.0
YLR212C	gamma-tubulin-complex:1.0
YNL199C	GCR-complex:1.0
YPL075W	GCR-complex:1.0
YGL155W	Geranylgeranyltransferase-I:1.0
YKL019W	Geranylgeranyltransferase-I:1.0
YJL031C	Geranylgeranyltransferase-II:1.0
YOR370C	Geranylgeranyltransferase-II:1.0
YPR176C	Geranylgeranyltransferase-II:1.0
YEL003W	Gim-complexes:1.0
YGR078C	Gim-complexes:1.0
YLR200W	Gim-complexes:1.0
YML094W	Gim-complexes:1.0
YNL153C	Gim-complexes:1.0
YLR342W	Glucan-synthases:1.0
YGR032W	Glucan-synthases:1.0
YGR143W	Glucan-synthases:1.0
YPR159W	Glucan-synthases:1.0
YCR034W	Glucan-synthases:1.0
YAL044C	Glycine-decarboxylase:1.0
YDR019C	Glycine-decarboxylase:1.0
YFL018C	Glycine-decarboxylase:1.0
YMR189W	Glycine-decarboxylase:1.0
YMR236W	HAT-A-complexes:1.0
YOR244W	HAT-A-complexes:1.0
YOL148C	HAT-A-complexes:1.0
YLR055C	HAT-A-complexes:1.0
YDR392W	HAT-A-complexes:1.0
YGL112C	HAT-A-complexes:1.0
YGR252W	HAT-A-complexes:1.0
YDR448W	HAT-A-complexes:1.0
YHR099W	HAT-A-complexes:1.0
YBR081C	HAT-A-complexes:1.0
YDR176W	HAT-A-complexes:1.0
YDR167W	HAT-A-complexes:1.0
YBR198C	HAT-A-complexes:1.0
YDR145W	HAT-A-complexes:1.0
YPL254W	HAT-A-complexes:1.0
YPL001W	HAT-B-complex:1.0
YEL056W	HAT-B-complex:1.0
YEL017C-A	H+-ATPase-plasma-mebrane:1.0
YGL008C	H+-ATPase-plasma-mebrane:1.0
YPL036W	H+-ATPase-plasma-mebrane:1.0
YCR024C-A	H+-ATPase-plasma-mebrane:1.0
YMR263W	HDB-complex:1.0
YNL330C	HDB-complex:1.0
YOL004W	HDB-complex:1.0
YMR263W	Histone-deacetylase-complexes:1.0
YNL021W	Histone-deacetylase-complexes:1.0
YOL004W	Histone-deacetylase-complexes:1.0
YNL330C	Histone-deacetylase-complexes:1.0
YLR447C	H+-transporting-ATPase-vacuolar:1.0
YMR054W	H+-transporting-ATPase-vacuolar:1.0
YKL080W	H+-transporting-ATPase-vacuolar:1.0
YEL027W	H+-transporting-ATPase-vacuolar:1.0
YGR020C	H+-transporting-ATPase-vacuolar:1.0
YHR039C-A	H+-transporting-ATPase-vacuolar:1.0
YHR026W	H+-transporting-ATPase-vacuolar:1.0
YEL051W	H+-transporting-ATPase-vacuolar:1.0
YOR270C	H+-transporting-ATPase-vacuolar:1.0
YOR332W	H+-transporting-ATPase-vacuolar:1.0
YPL234C	H+-transporting-ATPase-vacuolar:1.0
YPR036W	H+-transporting-ATPase-vacuolar:1.0
YBR127C	H+-transporting-ATPase-vacuolar:1.0
YDL185W	H+-transporting-ATPase-vacuolar:1.0
YDL184W-B	H+-transporting-ATPase-vacuolar:1.0
YMR035W	Inner-membrane-protease:1.0
YMR150C	Inner-membrane-protease:1.0
YNL037C	Isocitrate-dehydrogenase:1.0
YOR136W	Isocitrate-dehydrogenase:1.0
YGR238C	Kel1p-Kel2p-complex:1.0
YHR158C	Kel1p-Kel2p-complex:1.0
YEL061C	Kinesin-related-motorproteins:1.0
YGL005C	Kinesin-related-motorproteins:1.0
YGL216W	Kinesin-related-motorproteins:1.0
YHR156C	Kinesin-related-motorproteins:1.0
YBL063W	Kinesin-related-motorproteins:1.0
YPL155C	Kinesin-related-motorproteins:1.0
YPR141C	Kinesin-related-motorproteins:1.0
YMR198W	Kinesin-related-motorproteins:1.0
YDL108W	Kin28p-complex:1.0
YPR025C	Kin28p-complex:1.0
YPL129W	Kornbergs-mediator-complex:1.0
YPR168W	Kornbergs-mediator-complex:1.0
YBL093C	Kornbergs-mediator-complex:1.0
YBR253W	Kornbergs-mediator-complex:1.0
YDR308C	Kornbergs-mediator-complex:1.0
YDL005C	Kornbergs-mediator-complex:1.0
YBR193C	Kornbergs-mediator-complex:1.0
YER022W	Kornbergs-mediator-complex:1.0
YER179W	Kornbergs-mediator-complex:1.0
YGL151W	Kornbergs-mediator-complex:1.0
YHR041C	Kornbergs-mediator-complex:1.0
YHR058C	Kornbergs-mediator-complex:1.0
YGR104C	Kornbergs-mediator-complex:1.0
YGL025C	Kornbergs-mediator-complex:1.0
YLR071C	Kornbergs-mediator-complex:1.0
YMR112C	Kornbergs-mediator-complex:1.0
YOR174W	Kornbergs-mediator-complex:1.0
YOL135C	Kornbergs-mediator-complex:1.0
YOL051W	Kornbergs-mediator-complex:1.0
YNR010W	Kornbergs-mediator-complex:1.0
YNL236W	Kornbergs-mediator-complex:1.0
YMR106C	Ku-complex:1.0
YMR284W	Ku-complex:1.0
YGL154C	L-aminopadipate-semialdehyde-dehydrogenase:1.0
YBR115C	L-aminopadipate-semialdehyde-dehydrogenase:1.0
YER017C	m-AAA-protease-complex:1.0
YMR089C	m-AAA-protease-complex:1.0
YLR182W	MBF-complex:1.0
YDL056W	MBF-complex:1.0
YNL103W	Met4-Met28-Met31-complex:1.0
YIR017C	Met4-Met28-Met31-complex:1.0
YPL038W	Met4-Met28-Met31-complex:1.0
YDR253C	Met4-Met28-Met32-complex:1.0
YIR017C	Met4-Met28-Met32-complex:1.0
YNL103W	Met4-Met28-Met32-complex:1.0
YML085C	Microtubules:1.0
YML124C	Microtubules:1.0
YMR198W	Microtubules:1.0
YMR294W	Microtubules:1.0
YOR058C	Microtubules:1.0
YNL223W	Microtubules:1.0
YNL126W	Microtubules:1.0
YMR138W	Microtubules:1.0
YJL042W	Microtubules:1.0
YKR054C	Microtubules:1.0
YLR045C	Microtubules:1.0
YLR212C	Microtubules:1.0
YLR175W	Microtubules:1.0
YBL034C	Microtubules:1.0
YBL078C	Microtubules:1.0
YBL063W	Microtubules:1.0
YCL029C	Microtubules:1.0
YOR265W	Microtubules:1.0
YPL155C	Microtubules:1.0
YOR272W	Microtubules:1.0
YPL241C	Microtubules:1.0
YPR141C	Microtubules:1.0
YPL174C	Microtubules:1.0
YDR424C	Microtubules:1.0
YHR156C	Microtubules:1.0
YHR129C	Microtubules:1.0
YGL216W	Microtubules:1.0
YGL005C	Microtubules:1.0
YER016W	Microtubules:1.0
YDR488C	Microtubules:1.0
YEL061C	Microtubules:1.0
YFL037W	Microtubules:1.0
YHL038C	Mitochondrial-processing-complexes:1.0
YDL069C	Mitochondrial-processing-complexes:1.0
YDR197W	Mitochondrial-processing-complexes:1.0
YJL209W	Mitochondrial-processing-complexes:1.0
YJL063C	mitochondrial-ribosomal-large-subunit:1.0
YKL138C	mitochondrial-ribosomal-large-subunit:1.0
YKL170W	mitochondrial-ribosomal-large-subunit:1.0
YLR312W-A	mitochondrial-ribosomal-large-subunit:1.0
YKR085C	mitochondrial-ribosomal-large-subunit:1.0
YKR006C	mitochondrial-ribosomal-large-subunit:1.0
YKL167C	mitochondrial-ribosomal-large-subunit:1.0
YJL096W	mitochondrial-ribosomal-large-subunit:1.0
YLR439W	mitochondrial-ribosomal-large-subunit:1.0
YMR193W	mitochondrial-ribosomal-large-subunit:1.0
YNL252C	mitochondrial-ribosomal-large-subunit:1.0
YOR150W	mitochondrial-ribosomal-large-subunit:1.0
YNL284C	mitochondrial-ribosomal-large-subunit:1.0
YNL185C	mitochondrial-ribosomal-large-subunit:1.0
YMR286W	mitochondrial-ribosomal-large-subunit:1.0
YNL005C	mitochondrial-ribosomal-large-subunit:1.0
YMR225C	mitochondrial-ribosomal-large-subunit:1.0
YMR024W	mitochondrial-ribosomal-large-subunit:1.0
YBL038W	mitochondrial-ribosomal-large-subunit:1.0
YBR268W	mitochondrial-ribosomal-large-subunit:1.0
YBR282W	mitochondrial-ribosomal-large-subunit:1.0
YBR122C	mitochondrial-ribosomal-large-subunit:1.0
YDR237W	mitochondrial-ribosomal-large-subunit:1.0
YDR322W	mitochondrial-ribosomal-large-subunit:1.0
YDL202W	mitochondrial-ribosomal-large-subunit:1.0
YCR003W	mitochondrial-ribosomal-large-subunit:1.0
YPL173W	mitochondrial-ribosomal-large-subunit:1.0
YDR405W	mitochondrial-ribosomal-large-subunit:1.0
YHR147C	mitochondrial-ribosomal-large-subunit:1.0
YDR462W	mitochondrial-ribosomal-large-subunit:1.0
YGR076C	mitochondrial-ribosomal-large-subunit:1.0
YGR220C	mitochondrial-ribosomal-large-subunit:1.0
YFR049W	mitochondrial-ribosomal-small-subunit:1.0
YGR084C	mitochondrial-ribosomal-small-subunit:1.0
YHR075C	mitochondrial-ribosomal-small-subunit:1.0
YHL004W	mitochondrial-ribosomal-small-subunit:1.0
YPR166C	mitochondrial-ribosomal-small-subunit:1.0
YBR146W	mitochondrial-ribosomal-small-subunit:1.0
YDR337W	mitochondrial-ribosomal-small-subunit:1.0
YDR347W	mitochondrial-ribosomal-small-subunit:1.0
YBR251W	mitochondrial-ribosomal-small-subunit:1.0
YDL045W-A	mitochondrial-ribosomal-small-subunit:1.0
YNL306W	mitochondrial-ribosomal-small-subunit:1.0
YOR158W	mitochondrial-ribosomal-small-subunit:1.0
YKL003C	mitochondrial-ribosomal-small-subunit:1.0
YKL142W	mitochondrial-ribosomal-small-subunit:1.0
YGR222W	Mitochondrial-splicing-complexes:1.0
YHR005C-A	Mitochondrial-splicing-complexes:1.0
YOR334W	Mitochondrial-splicing-complexes:1.0
YPR134W	Mitochondrial-splicing-complexes:1.0
YPL029W	Mitochondrial-splicing-complexes:1.0
YBR120C	Mitochondrial-splicing-complexes:1.0
YDR194C	Mitochondrial-splicing-complexes:1.0
YDL044C	Mitochondrial-splicing-complexes:1.0
YMR023C	Mitochondrial-splicing-complexes:1.0
YMR287C	Mitochondrial-splicing-complexes:1.0
YIR021W	Mitochondrial-splicing-complexes:1.0
YJL133W	Mitochondrial-splicing-complexes:1.0
YLR382C	Mitochondrial-splicing-complexes:1.0
YKR052C	Mitochondrial-splicing-complexes:1.0
YLR067C	Mitochondrial-translation-complexes:1.0
YLR203C	Mitochondrial-translation-complexes:1.0
YMR023C	Mitochondrial-translation-complexes:1.0
YMR064W	Mitochondrial-translation-complexes:1.0
YMR257C	Mitochondrial-translation-complexes:1.0
YNR045W	Mitochondrial-translation-complexes:1.0
YMR282C	Mitochondrial-translation-complexes:1.0
YBL080C	Mitochondrial-translation-complexes:1.0
YBR120C	Mitochondrial-translation-complexes:1.0
YDR197W	Mitochondrial-translation-complexes:1.0
YDL069C	Mitochondrial-translation-complexes:1.0
YPL029W	Mitochondrial-translation-complexes:1.0
YER153C	Mitochondrial-translation-complexes:1.0
YGL023C	Mitochondrial-translation-complexes:1.0
YGR222W	Mitochondrial-translation-complexes:1.0
YMR287C	mitochondrial-3-to-5-exoribonuclease:1.0
YPL029W	mitochondrial-3-to-5-exoribonuclease:1.0
YDR369C	MRE11-RAD50-XRS2-complex:1.0
YMR224C	MRE11-RAD50-XRS2-complex:1.0
YNL250W	MRE11-RAD50-XRS2-complex:1.0
YPL228W	mRNA-guanylyl-transferase:1.0
YGL130W	mRNA-guanylyl-transferase:1.0
YER013W	mRNA-splicing:1.0
YGR074W	mRNA-splicing:1.0
YGR091W	mRNA-splicing:1.0
YGR075C	mRNA-splicing:1.0
YGR006W	mRNA-splicing:1.0
YGL120C	mRNA-splicing:1.0
YER172C	mRNA-splicing:1.0
YER112W	mRNA-splicing:1.0
YPL178W	mRNA-splicing:1.0
YPR178W	mRNA-splicing:1.0
YPR101W	mRNA-splicing:1.0
YPR057W	mRNA-splicing:1.0
YBL074C	mRNA-splicing:1.0
YBR055C	mRNA-splicing:1.0
YBR142W	mRNA-splicing:1.0
YDL030W	mRNA-splicing:1.0
YDR088C	mRNA-splicing:1.0
YDR364C	mRNA-splicing:1.0
YDR243C	mRNA-splicing:1.0
YDL043C	mRNA-splicing:1.0
YBR237W	mRNA-splicing:1.0
YBR152W	mRNA-splicing:1.0
YML046W	mRNA-splicing:1.0
YMR125W	mRNA-splicing:1.0
YNR011C	mRNA-splicing:1.0
YOR159C	mRNA-splicing:1.0
YOR148C	mRNA-splicing:1.0
YMR268C	mRNA-splicing:1.0
YHR165C	mRNA-splicing:1.0
YKL012W	mRNA-splicing:1.0
YKL074C	mRNA-splicing:1.0
YLL036C	mRNA-splicing:1.0
YLR298C	mRNA-splicing:1.0
YLR147C	mRNA-splicing:1.0
YKR086W	mRNA-splicing:1.0
YKL078W	mRNA-splicing:1.0
YJL203W	mRNA-splicing:1.0
YIL061C	mRNA-splicing:1.0
YNL082W	MSH2-MSH3-complex:1.0
YOL090W	MSH2-MSH3-complex:1.0
YCR092C	MSH2-MSH3-complex:1.0
YDR097C	MSH2-MSH6-complex:1.0
YOL090W	MSH2-MSH6-complex:1.0
YMR023C	Mto1p-Mss1p-complex:1.0
YGL023C	Mto1p-Mss1p-complex:1.0
YPL037C	NAC-complex:1.0
YHR193C	NAC-complex:1.0
YDR397C	NC2-complex:1.0
YER159C	NC2-complex:1.0
YPL022W	NEF1-complex:1.0
YML095C	NEF1-complex:1.0
YMR201C	NEF1-complex:1.0
YEL037C	NEF2-complex:1.0
YER162C	NEF2-complex:1.0
YDR460W	NEF3-complex:1.0
YGR258C	NEF3-complex:1.0
YER171W	NEF3-complex:1.0
YPL122C	NEF3-complex:1.0
YPR025C	NEF3-complex:1.0
YDL108W	NEF3-complex:1.0
YDR311W	NEF3-complex:1.0
YIL143C	NEF3-complex:1.0
YLR005W	NEF3-complex:1.0
YJR052W	NEF4-complex:1.0
YBR114W	NEF4-complex:1.0
YAL009W	Nem1p-Spo7p-complex:1.0
YHR004C	Nem1p-Spo7p-complex:1.0
YGL090W	Non-homologous-end-joining-apparatus:1.0
YDR369C	Non-homologous-end-joining-apparatus:1.0
YMR106C	Non-homologous-end-joining-apparatus:1.0
YMR224C	Non-homologous-end-joining-apparatus:1.0
YMR284W	Non-homologous-end-joining-apparatus:1.0
YNL250W	Non-homologous-end-joining-apparatus:1.0
YOR005C	Non-homologous-end-joining-apparatus:1.0
YMR080C	Nonsense-mediated-mRNA-decay-pathway-complex:1.0
YGR072W	Nonsense-mediated-mRNA-decay-pathway-complex:1.0
YHR077C	Nonsense-mediated-mRNA-decay-pathway-complex:1.0
YDL014W	Nop56p-Nop1p-complex:1.0
YOR310C	Nop56p-Nop1p-complex:1.0
YLR197W	Nop56p-Nop1p-complex:1.0
YIL038C	NOT-complex:1.0
YPR072W	NOT-complex:1.0
YCR093W	NOT-complex:1.0
YDL165W	NOT-complex:1.0
YER068W	NOT-complex:1.0
YBL050W	NSF-SNAP-complex:1.0
YBR080C	NSF-SNAP-complex:1.0
YFR002W	NSP1-complex:1.0
YGL172W	NSP1-complex:1.0
YGR119C	NSP1-complex:1.0
YJL041W	NSP1-complex:1.0
YJL041W	NSP1-NUP82-complex:1.0
YJL061W	NSP1-NUP82-complex:1.0
YOR244W	NuA4-complex:1.0
YHR099W	NuA4-complex:1.0
YER105C	Nuclear-pore-complex:1.0
YGL100W	Nuclear-pore-complex:1.0
YGR119C	Nuclear-pore-complex:1.0
YGL172W	Nuclear-pore-complex:1.0
YGL092W	Nuclear-pore-complex:1.0
YER107C	Nuclear-pore-complex:1.0
YFR002W	Nuclear-pore-complex:1.0
YBL079W	Nuclear-pore-complex:1.0
YDL116W	Nuclear-pore-complex:1.0
YDL148C	Nuclear-pore-complex:1.0
YDR192C	Nuclear-pore-complex:1.0
YML103C	Nuclear-pore-complex:1.0
YMR047C	Nuclear-pore-complex:1.0
YMR129W	Nuclear-pore-complex:1.0
YOR098C	Nuclear-pore-complex:1.0
YIL115C	Nuclear-pore-complex:1.0
YJL041W	Nuclear-pore-complex:1.0
YJL061W	Nuclear-pore-complex:1.0
YLR335W	Nuclear-pore-complex:1.0
YLR208W	Nuclear-pore-complex:1.0
YKR082W	Nuclear-pore-complex:1.0
YKL068W	Nuclear-pore-complex:1.0
YKL057C	Nuclear-pore-complex:1.0
YJR042W	Nuclear-pore-complex:1.0
YJR093C	Nuclear-processing-complexes:1.0
YLR115W	Nuclear-processing-complexes:1.0
YLR277C	Nuclear-processing-complexes:1.0
YMR061W	Nuclear-processing-complexes:1.0
YOR250C	Nuclear-processing-complexes:1.0
YOL123W	Nuclear-processing-complexes:1.0
YAL043C	Nuclear-processing-complexes:1.0
YDR301W	Nuclear-processing-complexes:1.0
YDR228C	Nuclear-processing-complexes:1.0
YGL044C	Nuclear-processing-complexes:1.0
YNL030W	Nucleosomal-protein-complex:1.0
YNL031C	Nucleosomal-protein-complex:1.0
YBL002W	Nucleosomal-protein-complex:1.0
YBR010W	Nucleosomal-protein-complex:1.0
YDR225W	Nucleosomal-protein-complex:1.0
YDR224C	Nucleosomal-protein-complex:1.0
YBL003C	Nucleosomal-protein-complex:1.0
YBR009C	Nucleosomal-protein-complex:1.0
YBR114W	Nucleotide-excision-repairosome:1.0
YDR311W	Nucleotide-excision-repairosome:1.0
YDL108W	Nucleotide-excision-repairosome:1.0
YPL022W	Nucleotide-excision-repairosome:1.0
YPL122C	Nucleotide-excision-repairosome:1.0
YPR025C	Nucleotide-excision-repairosome:1.0
YDR460W	Nucleotide-excision-repairosome:1.0
YER171W	Nucleotide-excision-repairosome:1.0
YER162C	Nucleotide-excision-repairosome:1.0
YGR258C	Nucleotide-excision-repairosome:1.0
YEL037C	Nucleotide-excision-repairosome:1.0
YML095C	Nucleotide-excision-repairosome:1.0
YMR201C	Nucleotide-excision-repairosome:1.0
YIL143C	Nucleotide-excision-repairosome:1.0
YLR005W	Nucleotide-excision-repairosome:1.0
YJR052W	Nucleotide-excision-repairosome:1.0
YJR042W	NUP84-complex:1.0
YKL057C	NUP84-complex:1.0
YLR208W	NUP84-complex:1.0
YGL092W	NUP84-complex:1.0
YGL100W	NUP84-complex:1.0
YDL116W	NUP84-complex:1.0
YAL051W	OAF-complex:1.0
YOR363C	OAF-complex:1.0
YDL232W	Oligosaccharyltransferase:1.0
YEL002C	Oligosaccharyltransferase:1.0
YGL226C-A	Oligosaccharyltransferase:1.0
YGL022W	Oligosaccharyltransferase:1.0
YJL002C	Oligosaccharyltransferase:1.0
YML019W	Oligosaccharyltransferase:1.0
YMR149W	Oligosaccharyltransferase:1.0
YOR085W	Oligosaccharyltransferase:1.0
YOR103C	Oligosaccharyltransferase:1.0
YML032C	other-DNA-repair-complexes:1.0
YER095W	other-DNA-repair-complexes:1.0
YGL163C	other-DNA-repair-complexes:1.0
YDR004W	other-DNA-repair-complexes:1.0
YDR076W	other-DNA-repair-complexes:1.0
YJR089W	other-kinetochore-proteins:1.0
YKL049C	other-kinetochore-proteins:1.0
YKL089W	other-kinetochore-proteins:1.0
YLR175W	other-kinetochore-proteins:1.0
YLR060W	Phenylalaninine-tRNA-ligase:1.0
YPR047W	Phenylalaninine-tRNA-ligase:1.0
YFL022C	Phenylalaninine-tRNA-ligase:1.0
YGR240C	Phosphofructokinase:1.0
YMR205C	Phosphofructokinase:1.0
YNL289W	Pho85p-complexes:1.0
YOL001W	Pho85p-complexes:1.0
YGL134W	Pho85p-complexes:1.0
YPL031C	Pho85p-complexes:1.0
YPL219W	Pho85p-complexes:1.0
YDL127W	Pho85p-complexes:1.0
YBR060C	Post-replication-complex:1.0
YPR162C	Post-replication-complex:1.0
YHR118C	Post-replication-complex:1.0
YML065W	Post-replication-complex:1.0
YNL261W	Post-replication-complex:1.0
YLL004W	Post-replication-complex:1.0
YJR093C	pre-mRNA-polyadenylation-factor-PFI:1.0
YLR277C	pre-mRNA-polyadenylation-factor-PFI:1.0
YAL043C	pre-mRNA-polyadenylation-factor-PFI:1.0
YDR228C	pre-mRNA3-end-processing-factor-CFI:1.0
YGL044C	pre-mRNA3-end-processing-factor-CFI:1.0
YMR061W	pre-mRNA3-end-processing-factor-CFI:1.0
YOR250C	pre-mRNA3-end-processing-factor-CFI:1.0
YOL123W	pre-mRNA3-end-processing-factor-CFI:1.0
YLR115W	pre-mRNA3-end-processing-factor-CFII:1.0
YLR277C	pre-mRNA3-end-processing-factor-CFII:1.0
YDR301W	pre-mRNA3-end-processing-factor-CFII:1.0
YBL023C	Pre-replication-complex:1.0
YBR202W	Pre-replication-complex:1.0
YBR060C	Pre-replication-complex:1.0
YPR019W	Pre-replication-complex:1.0
YPR162C	Pre-replication-complex:1.0
YEL032W	Pre-replication-complex:1.0
YGL201C	Pre-replication-complex:1.0
YHR118C	Pre-replication-complex:1.0
YJL194W	Pre-replication-complex:1.0
YLL004W	Pre-replication-complex:1.0
YLR103C	Pre-replication-complex:1.0
YLR274W	Pre-replication-complex:1.0
YML065W	Pre-replication-complex:1.0
YNL261W	Pre-replication-complex:1.0
YLR163C	Processing-peptidase:1.0
YHR024C	Processing-peptidase:1.0
YHR013C	Protein-N-acetyltransferase:1.0
YDL040C	Protein-N-acetyltransferase:1.0
YPR101W	Prp19p-associated-complex:1.0
YJL203W	Prp19p-associated-complex:1.0
YLL036C	Prp19p-associated-complex:1.0
YDL030W	Prp9p-Prp11p-Prp21p-complex:1.0
YDL043C	Prp9p-Prp11p-Prp21p-complex:1.0
YBR221C	Pyruvate-dehydrogenase:1.0
YER178W	Pyruvate-dehydrogenase:1.0
YFL018C	Pyruvate-dehydrogenase:1.0
YGR193C	Pyruvate-dehydrogenase:1.0
YNL071W	Pyruvate-dehydrogenase:1.0
YAL038W	Pyruvate-kinase:1.0
YOR347C	Pyruvate-kinase:1.0
YPR019W	Replication-complex:1.0
YPR162C	Replication-complex:1.0
YPR175W	Replication-complex:1.0
YBL023C	Replication-complex:1.0
YBR060C	Replication-complex:1.0
YBR278W	Replication-complex:1.0
YDL102W	Replication-complex:1.0
YBR202W	Replication-complex:1.0
YEL032W	Replication-complex:1.0
YHR118C	Replication-complex:1.0
YGL201C	Replication-complex:1.0
YML065W	Replication-complex:1.0
YNL261W	Replication-complex:1.0
YNL262W	Replication-complex:1.0
YJR006W	Replication-complex:1.0
YLL004W	Replication-complex:1.0
YJR043C	Replication-complex:1.0
YLR103C	Replication-complex:1.0
YLR274W	Replication-complex:1.0
YIL009C-A	Replication-complexes:1.0
YIR008C	Replication-complexes:1.0
YJL173C	Replication-complexes:1.0
YJR068W	Replication-complexes:1.0
YKL045W	Replication-complexes:1.0
YLR318W	Replication-complexes:1.0
YLR274W	Replication-complexes:1.0
YLR233C	Replication-complexes:1.0
YLR103C	Replication-complexes:1.0
YLL004W	Replication-complexes:1.0
YKL113C	Replication-complexes:1.0
YJR043C	Replication-complexes:1.0
YJR006W	Replication-complexes:1.0
YJL194W	Replication-complexes:1.0
YIL139C	Replication-complexes:1.0
YML065W	Replication-complexes:1.0
YNL088W	Replication-complexes:1.0
YNL102W	Replication-complexes:1.0
YOR217W	Replication-complexes:1.0
YOL094C	Replication-complexes:1.0
YOL006C	Replication-complexes:1.0
YNL312W	Replication-complexes:1.0
YNL290W	Replication-complexes:1.0
YNL262W	Replication-complexes:1.0
YNL261W	Replication-complexes:1.0
YMR234W	Replication-complexes:1.0
YEL032W	Replication-complexes:1.0
YGL201C	Replication-complexes:1.0
YHR118C	Replication-complexes:1.0
YHR164C	Replication-complexes:1.0
YER176W	Replication-complexes:1.0
YAR007C	Replication-complexes:1.0
YBR087W	Replication-complexes:1.0
YCR014C	Replication-complexes:1.0
YDR052C	Replication-complexes:1.0
YDL164C	Replication-complexes:1.0
YDL102W	Replication-complexes:1.0
YDL017W	Replication-complexes:1.0
YBR278W	Replication-complexes:1.0
YBR202W	Replication-complexes:1.0
YBR088C	Replication-complexes:1.0
YBR060C	Replication-complexes:1.0
YBL023C	Replication-complexes:1.0
YBL035C	Replication-complexes:1.0
YOR330C	Replication-complexes:1.0
YPR175W	Replication-complexes:1.0
YPR162C	Replication-complexes:1.0
YPR019W	Replication-complexes:1.0
YPL167C	Replication-complexes:1.0
YAR007C	Replication-factor-A-complex:1.0
YNL312W	Replication-factor-A-complex:1.0
YJL173C	Replication-factor-A-complex:1.0
YJR068W	Replication-factor-C-complex:1.0
YNL290W	Replication-factor-C-complex:1.0
YOL094C	Replication-factor-C-complex:1.0
YOR217W	Replication-factor-C-complex:1.0
YBR087W	Replication-factor-C-complex:1.0
YAR007C	Replication-fork-complexes:1.0
YBR088C	Replication-fork-complexes:1.0
YBR087W	Replication-fork-complexes:1.0
YCR014C	Replication-fork-complexes:1.0
YDL102W	Replication-fork-complexes:1.0
YDL164C	Replication-fork-complexes:1.0
YBR278W	Replication-fork-complexes:1.0
YBL035C	Replication-fork-complexes:1.0
YOR330C	Replication-fork-complexes:1.0
YPL167C	Replication-fork-complexes:1.0
YPR175W	Replication-fork-complexes:1.0
YER176W	Replication-fork-complexes:1.0
YMR234W	Replication-fork-complexes:1.0
YNL102W	Replication-fork-complexes:1.0
YNL262W	Replication-fork-complexes:1.0
YNL088W	Replication-fork-complexes:1.0
YOR217W	Replication-fork-complexes:1.0
YOL094C	Replication-fork-complexes:1.0
YOL006C	Replication-fork-complexes:1.0
YNL312W	Replication-fork-complexes:1.0
YNL290W	Replication-fork-complexes:1.0
YHR164C	Replication-fork-complexes:1.0
YKL113C	Replication-fork-complexes:1.0
YKL045W	Replication-fork-complexes:1.0
YJR068W	Replication-fork-complexes:1.0
YJR043C	Replication-fork-complexes:1.0
YJR006W	Replication-fork-complexes:1.0
YJL173C	Replication-fork-complexes:1.0
YIR008C	Replication-fork-complexes:1.0
YIL139C	Replication-fork-complexes:1.0
YLL004W	Replication-initiation-complex:1.0
YML065W	Replication-initiation-complex:1.0
YNL261W	Replication-initiation-complex:1.0
YHR118C	Replication-initiation-complex:1.0
YPR162C	Replication-initiation-complex:1.0
YBR060C	Replication-initiation-complex:1.0
YDR052C	Replication-initiation-complex:1.0
YDL017W	Replication-initiation-complex:1.0
YJL053W	Retromer-complex:1.0
YJL154C	Retromer-complex:1.0
YOR069W	Retromer-complex:1.0
YOR132W	Retromer-complex:1.0
YHR012W	Retromer-complex:1.0
YER070W	Ribonucleoside-diphosphate-reductase:1.0
YGR180C	Ribonucleoside-diphosphate-reductase:1.0
YIL066C	Ribonucleoside-diphosphate-reductase:1.0
YJL026W	Ribonucleoside-diphosphate-reductase:1.0
YJL148W	RNA-polymerase-I:1.0
YJR063W	RNA-polymerase-I:1.0
YNL113W	RNA-polymerase-I:1.0
YOR224C	RNA-polymerase-I:1.0
YNL248C	RNA-polymerase-I:1.0
YOR210W	RNA-polymerase-I:1.0
YHR143W-A	RNA-polymerase-I:1.0
YOR340C	RNA-polymerase-I:1.0
YPR110C	RNA-polymerase-I:1.0
YPR010C	RNA-polymerase-I:1.0
YPR187W	RNA-polymerase-I:1.0
YOR341W	RNA-polymerase-I:1.0
YBR154C	RNA-polymerase-I:1.0
YDR156W	RNA-polymerase-I:1.0
YBR154C	RNA-polymerase-II:1.0
YDL140C	RNA-polymerase-II:1.0
YPR187W	RNA-polymerase-II:1.0
YDR404C	RNA-polymerase-II:1.0
YHR143W-A	RNA-polymerase-II:1.0
YGL070C	RNA-polymerase-II:1.0
YOL005C	RNA-polymerase-II:1.0
YOR224C	RNA-polymerase-II:1.0
YOR151C	RNA-polymerase-II:1.0
YOR210W	RNA-polymerase-II:1.0
YIL021W	RNA-polymerase-II:1.0
YLR418C	RNA-polymerase-II:1.0
YJL140W	RNA-polymerase-II:1.0
YIL021W	RNA-polymerase-II-holoenzyme:1.0
YJL140W	RNA-polymerase-II-holoenzyme:1.0
YLR071C	RNA-polymerase-II-holoenzyme:1.0
YLR418C	RNA-polymerase-II-holoenzyme:1.0
YOR224C	RNA-polymerase-II-holoenzyme:1.0
YOR210W	RNA-polymerase-II-holoenzyme:1.0
YOR174W	RNA-polymerase-II-holoenzyme:1.0
YOR151C	RNA-polymerase-II-holoenzyme:1.0
YOL135C	RNA-polymerase-II-holoenzyme:1.0
YOL051W	RNA-polymerase-II-holoenzyme:1.0
YOL005C	RNA-polymerase-II-holoenzyme:1.0
YNR010W	RNA-polymerase-II-holoenzyme:1.0
YNL236W	RNA-polymerase-II-holoenzyme:1.0
YMR112C	RNA-polymerase-II-holoenzyme:1.0
YDR404C	RNA-polymerase-II-holoenzyme:1.0
YER022W	RNA-polymerase-II-holoenzyme:1.0
YGL070C	RNA-polymerase-II-holoenzyme:1.0
YGL151W	RNA-polymerase-II-holoenzyme:1.0
YGL025C	RNA-polymerase-II-holoenzyme:1.0
YGR104C	RNA-polymerase-II-holoenzyme:1.0
YHR041C	RNA-polymerase-II-holoenzyme:1.0
YHR143W-A	RNA-polymerase-II-holoenzyme:1.0
YHR058C	RNA-polymerase-II-holoenzyme:1.0
YER179W	RNA-polymerase-II-holoenzyme:1.0
YPL086C	RNA-polymerase-II-holoenzyme:1.0
YPR187W	RNA-polymerase-II-holoenzyme:1.0
YPR168W	RNA-polymerase-II-holoenzyme:1.0
YPL129W	RNA-polymerase-II-holoenzyme:1.0
YBL093C	RNA-polymerase-II-holoenzyme:1.0
YDL005C	RNA-polymerase-II-holoenzyme:1.0
YBR253W	RNA-polymerase-II-holoenzyme:1.0
YBR154C	RNA-polymerase-II-holoenzyme:1.0
YDR308C	RNA-polymerase-II-holoenzyme:1.0
YDL140C	RNA-polymerase-II-holoenzyme:1.0
YBR193C	RNA-polymerase-II-holoenzyme:1.0
YBR154C	RNA-polymerase-III:1.0
YPR110C	RNA-polymerase-III:1.0
YPR187W	RNA-polymerase-III:1.0
YPR190C	RNA-polymerase-III:1.0
YHR143W-A	RNA-polymerase-III:1.0
YNL113W	RNA-polymerase-III:1.0
YNR003C	RNA-polymerase-III:1.0
YOR210W	RNA-polymerase-III:1.0
YOR224C	RNA-polymerase-III:1.0
YOR207C	RNA-polymerase-III:1.0
YOR116C	RNA-polymerase-III:1.0
YNL151C	RNA-polymerase-III:1.0
YKL144C	RNA-polymerase-III:1.0
YNL221C	RNase-MRP:1.0
YNL282W	RNase-MRP:1.0
YGR030C	RNase-MRP:1.0
YHR062C	RNase-MRP:1.0
YAL033W	RNase-MRP:1.0
YBR257W	RNase-MRP:1.0
YBR167C	RNase-MRP:1.0
YBL018C	RNase-MRP:1.0
YAL033W	RNase-P:1.0
YBR257W	RNase-P:1.0
YBR167C	RNase-P:1.0
YBL018C	RNase-P:1.0
YGR030C	RNase-P:1.0
YHR062C	RNase-P:1.0
YNL221C	RNase-P:1.0
YNL282W	RNase-P:1.0
YIR015W	RNase-P:1.0
YIL126W	RSC-complex:1.0
YLR357W	RSC-complex:1.0
YLR321C	RSC-complex:1.0
YKR008W	RSC-complex:1.0
YMR033W	RSC-complex:1.0
YOR213C	RSC-complex:1.0
YFR037C	RSC-complex:1.0
YGR056W	RSC-complex:1.0
YCR052W	RSC-complex:1.0
YPR034W	RSC-complex:1.0
YBL103C	RTG-complex:1.0
YOL067C	RTG-complex:1.0
YMR236W	SAGA-complex:1.0
YOL148C	SAGA-complex:1.0
YLR055C	SAGA-complex:1.0
YBR081C	SAGA-complex:1.0
YDR176W	SAGA-complex:1.0
YDR167W	SAGA-complex:1.0
YDR145W	SAGA-complex:1.0
YBR198C	SAGA-complex:1.0
YPL254W	SAGA-complex:1.0
YDR392W	SAGA-complex:1.0
YHR099W	SAGA-complex:1.0
YDR448W	SAGA-complex:1.0
YGR252W	SAGA-complex:1.0
YGL112C	SAGA-complex:1.0
YDR392W	SAGA-like-complex:1.0
YGL112C	SAGA-like-complex:1.0
YHR099W	SAGA-like-complex:1.0
YDR448W	SAGA-like-complex:1.0
YBR081C	SAGA-like-complex:1.0
YER001W	SBF-complex:1.0
YLR182W	SBF-complex:1.0
YFL009W	SCF-CDC4-complex:1.0
YDL132W	SCF-CDC4-complex:1.0
YDR054C	SCF-CDC4-complex:1.0
YDR328C	SCF-CDC4-complex:1.0
YDL132W	SCF-complexes:1.0
YDR054C	SCF-complexes:1.0
YDR328C	SCF-complexes:1.0
YFL009W	SCF-complexes:1.0
YJR090C	SCF-complexes:1.0
YJR090C	SCF-GRR1-complex:1.0
YDL132W	SCF-GRR1-complex:1.0
YDR054C	SCF-GRR1-complex:1.0
YDR328C	SCF-GRR1-complex:1.0
YDL132W	SCF-MET30-complex:1.0
YDR054C	SCF-MET30-complex:1.0
YDR328C	SCF-MET30-complex:1.0
YIL046W	SCF-MET30-complex:1.0
YLR378C	Sec61-complex:1.0
YDR086C	Sec61-complex:1.0
YER087C-B	Sec61-complex:1.0
YBR171W	Sec62-63-complex:1.0
YPL094C	Sec62-63-complex:1.0
YLR292C	Sec62-63-complex:1.0
YOR254C	Sec62-63-complex:1.0
YER054C	Serine-threonine-phoshpoprotein-phosphatase:1.0
YER133W	Serine-threonine-phoshpoprotein-phosphatase:1.0
YDR028C	Serine-threonine-phoshpoprotein-phosphatase:1.0
YKL193C	Serine-threonine-phoshpoprotein-phosphatase:1.0
YMR311C	Serine-threonine-phoshpoprotein-phosphatase:1.0
YOR178C	Serine-threonine-phoshpoprotein-phosphatase:1.0
YML055W	Signal-peptidase:1.0
YIR022W	Signal-peptidase:1.0
YJR010C-A	Signal-peptidase:1.0
YKL122C	Signal-recognition-particle:1.0
YML105C	Signal-recognition-particle:1.0
YDL092W	Signal-recognition-particle:1.0
YPL210C	Signal-recognition-particle:1.0
YPR088C	Signal-recognition-particle:1.0
YPL243W	Signal-recognition-particle:1.0
YDR292C	Signal-recognition-particle-receptor:1.0
YKL154W	Signal-recognition-particle-receptor:1.0
YMR053C	Sin3-complex:1.0
YOL004W	Sin3-complex:1.0
YNL330C	Sin3-complex:1.0
YNL309W	Sin3-complex:1.0
YGR098C	Sister-chromatid-cohesion-regulation-complex:1.0
YDR113C	Sister-chromatid-cohesion-regulation-complex:1.0
YAL030W	SNAREs:1.0
YOR327C	SNAREs:1.0
YPL232W	SNAREs:1.0
YDR468C	SNAREs:1.0
YHL031C	SNAREs:1.0
YGL212W	SNAREs:1.0
YDR498C	SNAREs:1.0
YMR183C	SNAREs:1.0
YOR106W	SNAREs:1.0
YOR075W	SNAREs:1.0
YOR036W	SNAREs:1.0
YOL018C	SNAREs:1.0
YMR197C	SNAREs:1.0
YIL004C	SNAREs:1.0
YLR026C	SNAREs:1.0
YLR078C	SNAREs:1.0
YLR268W	SNAREs:1.0
YLR093C	SNAREs:1.0
YKL196C	SNAREs:1.0
YJL089W	SNF1-complex:1.0
YDR422C	SNF1-complex:1.0
YDR477W	SNF1-complex:1.0
YER027C	SNF1-complex:1.0
YGL208W	SNF1-complex:1.0
YGL115W	SNF1-complex:1.0
YHR129C	SPB-associated-proteins:1.0
YPR141C	SPB-associated-proteins:1.0
YBL034C	SPB-associated-proteins:1.0
YDR201W	SPB-associated-proteins:1.0
YCL029C	SPB-associated-proteins:1.0
YBR211C	SPB-associated-proteins:1.0
YIL144W	SPB-associated-proteins:1.0
YLR045C	SPB-associated-proteins:1.0
YKR054C	SPB-associated-proteins:1.0
YKR037C	SPB-associated-proteins:1.0
YMR065W	SPB-associated-proteins:1.0
YMR294W	SPB-associated-proteins:1.0
YOL069W	SPB-associated-proteins:1.0
YMR198W	SPB-associated-proteins:1.0
YMR117C	SPB-components:1.0
YNL126W	SPB-components:1.0
YNL188W	SPB-components:1.0
YNL225C	SPB-components:1.0
YOR257W	SPB-components:1.0
YHR172W	SPB-components:1.0
YLR212C	SPB-components:1.0
YKL042W	SPB-components:1.0
YAL047C	SPB-components:1.0
YBR109C	SPB-components:1.0
YDR356W	SPB-components:1.0
YOR373W	SPB-components:1.0
YPL124W	SPB-components:1.0
YPL255W	SPB-components:1.0
YER018C	SPB-components:1.0
YGL093W	SPB-components:1.0
YER018C	Spindle-pole-body:1.0
YGL093W	Spindle-pole-body:1.0
YGR113W	Spindle-pole-body:1.0
YHR129C	Spindle-pole-body:1.0
YGL061C	Spindle-pole-body:1.0
YOR257W	Spindle-pole-body:1.0
YPR141C	Spindle-pole-body:1.0
YPL255W	Spindle-pole-body:1.0
YPL124W	Spindle-pole-body:1.0
YOR373W	Spindle-pole-body:1.0
YAL047C	Spindle-pole-body:1.0
YDR356W	Spindle-pole-body:1.0
YDR201W	Spindle-pole-body:1.0
YBL034C	Spindle-pole-body:1.0
YBR211C	Spindle-pole-body:1.0
YCL029C	Spindle-pole-body:1.0
YBR109C	Spindle-pole-body:1.0
YHR172W	Spindle-pole-body:1.0
YKL042W	Spindle-pole-body:1.0
YIL144W	Spindle-pole-body:1.0
YKR054C	Spindle-pole-body:1.0
YLR212C	Spindle-pole-body:1.0
YLR045C	Spindle-pole-body:1.0
YKR037C	Spindle-pole-body:1.0
YMR065W	Spindle-pole-body:1.0
YMR117C	Spindle-pole-body:1.0
YMR294W	Spindle-pole-body:1.0
YNL126W	Spindle-pole-body:1.0
YOL069W	Spindle-pole-body:1.0
YNL225C	Spindle-pole-body:1.0
YNL188W	Spindle-pole-body:1.0
YMR198W	Spindle-pole-body:1.0
YNL025C	Srb10p-complex:1.0
YCR081W	Srb10p-complex:1.0
YPL042C	Srb10p-complex:1.0
YDR443C	Srb10p-complex:1.0
YGR040W	STE5-MAPK-complex:1.0
YBL016W	STE5-MAPK-complex:1.0
YDR103W	STE5-MAPK-complex:1.0
YDL159W	STE5-MAPK-complex:1.0
YLR362W	STE5-MAPK-complex:1.0
YKL141W	Succinate-dehydrogenase-complex:1.0
YKL148C	Succinate-dehydrogenase-complex:1.0
YLL041C	Succinate-dehydrogenase-complex:1.0
YDR178W	Succinate-dehydrogenase-complex:1.0
YGR244C	Succinyl-CoA-ligase:1.0
YOR142W	Succinyl-CoA-ligase:1.0
YMR033W	SWI-SNF-transcription-activator-complex:1.0
YNR023W	SWI-SNF-transcription-activator-complex:1.0
YJL176C	SWI-SNF-transcription-activator-complex:1.0
YHL025W	SWI-SNF-transcription-activator-complex:1.0
YBR289W	SWI-SNF-transcription-activator-complex:1.0
YDR073W	SWI-SNF-transcription-activator-complex:1.0
YOR290C	SWI-SNF-transcription-activator-complex:1.0
YPL016W	SWI-SNF-transcription-activator-complex:1.0
YPL129W	SWI-SNF-transcription-activator-complex:1.0
YPR034W	SWI-SNF-transcription-activator-complex:1.0
YDR285W	Synaptonemal-complex:1.0
YIL072W	Synaptonemal-complex:1.0
YLR263W	Synaptonemal-complex:1.0
YML015C	TAFIIs:1.0
YML098W	TAFIIs:1.0
YMR236W	TAFIIs:1.0
YMR227C	TAFIIs:1.0
YBR198C	TAFIIs:1.0
YDR145W	TAFIIs:1.0
YDR167W	TAFIIs:1.0
YCR042C	TAFIIs:1.0
YPL011C	TAFIIs:1.0
YPL129W	TAFIIs:1.0
YGL112C	TAFIIs:1.0
YGR274C	TAFIIs:1.0
YIL009C-A	Telomerase:1.0
YLR233C	Telomerase:1.0
YLR318W	Telomerase:1.0
YKL058W	TFIIA:1.0
YOR194C	TFIIA:1.0
YML015C	TFIID:1.0
YML098W	TFIID:1.0
YMR236W	TFIID:1.0
YMR227C	TFIID:1.0
YER148W	TFIID:1.0
YGL112C	TFIID:1.0
YGR274C	TFIID:1.0
YPL011C	TFIID:1.0
YPL129W	TFIID:1.0
YBR198C	TFIID:1.0
YDR145W	TFIID:1.0
YDR167W	TFIID:1.0
YCR042C	TFIID:1.0
YKL028W	TFIIE:1.0
YKR062W	TFIIE:1.0
YPL129W	TFIIF:1.0
YGR005C	TFIIF:1.0
YGR186W	TFIIF:1.0
YDR460W	TFIIH:1.0
YER171W	TFIIH:1.0
YPL122C	TFIIH:1.0
YPR056W	TFIIH:1.0
YPR025C	TFIIH:1.0
YDL108W	TFIIH:1.0
YDR311W	TFIIH:1.0
YIL143C	TFIIH:1.0
YLR005W	TFIIH:1.0
YNL039W	TFIIIB:1.0
YER148W	TFIIIB:1.0
YGR246C	TFIIIB:1.0
YGR047C	TFIIIC:1.0
YAL001C	TFIIIC:1.0
YDR362C	TFIIIC:1.0
YBR123C	TFIIIC:1.0
YOR110W	TFIIIC:1.0
YML112W	TFIIK:1.0
YJL006C	TFIIK:1.0
YKL139W	TFIIK:1.0
YIL022W	TIM-transport-across-the-inner-membrane:1.0
YJL054W	TIM-transport-across-the-inner-membrane:1.0
YJR045C	TIM-transport-across-the-inner-membrane:1.0
YJL143W	TIM-transport-across-the-inner-membrane:1.0
YNR017W	TIM-transport-across-the-inner-membrane:1.0
YBR091C	TIM-transport-across-the-inner-membrane:1.0
YDL217C	TIM-transport-across-the-inner-membrane:1.0
YEL020W-A	TIM-transport-across-the-inner-membrane:1.0
YHR005C-A	TIM-transport-across-the-inner-membrane:1.0
YNR017W	Tim17p-complex:1.0
YJL143W	Tim17p-complex:1.0
YJL054W	Tim22p-complex:1.0
YEL020W-A	Tim22p-complex:1.0
YHR005C-A	Tim22p-complex:1.0
YBR091C	Tim22p-complex:1.0
YDL217C	Tim22p-complex:1.0
YEL020W-A	Tim9p-Tim10p-complex:1.0
YHR005C-A	Tim9p-Tim10p-complex:1.0
YGR082W	TOM-transport-across-the-outer-membrane:1.0
YHR117W	TOM-transport-across-the-outer-membrane:1.0
YPR133W-A	TOM-transport-across-the-outer-membrane:1.0
YMR060C	TOM-transport-across-the-outer-membrane:1.0
YNL070W	TOM-transport-across-the-outer-membrane:1.0
YOR045W	TOM-transport-across-the-outer-membrane:1.0
YNL131W	TOM-transport-across-the-outer-membrane:1.0
YNL121C	TOM-transport-across-the-outer-membrane:1.0
YMR203W	TOM-transport-across-the-outer-membrane:1.0
YNL088W	Topoisomerases:1.0
YOL006C	Topoisomerases:1.0
YDR407C	TRAPP-complex:1.0
YDR472W	TRAPP-complex:1.0
YGR166W	TRAPP-complex:1.0
YBR254C	TRAPP-complex:1.0
YDR108W	TRAPP-complex:1.0
YDR246W	TRAPP-complex:1.0
YKR068C	TRAPP-complex:1.0
YML077W	TRAPP-complex:1.0
YMR218C	TRAPP-complex:1.0
YOR115C	TRAPP-complex:1.0
YOR212W	Trimeric-G-proteins:1.0
YJR086W	Trimeric-G-proteins:1.0
YHR005C	Trimeric-G-proteins:1.0
YDR463W	tRNA-splicing:1.0
YHR006W	tRNA-splicing:1.0
YAR008W	tRNA-splicing:1.0
YDL048C	tRNA-splicing:1.0
YPL083C	tRNA-splicing:1.0
YJL087C	tRNA-splicing:1.0
YKL205W	tRNA-splicing:1.0
YLR105C	tRNA-splicing:1.0
YLR375W	tRNA-splicing:1.0
YMR059W	tRNA-splicing:1.0
YOL102C	tRNA-splicing:1.0
YMR183C	t-SNAREs:1.0
YOL018C	t-SNAREs:1.0
YOR036W	t-SNAREs:1.0
YOR106W	t-SNAREs:1.0
YOR075W	t-SNAREs:1.0
YLR026C	t-SNAREs:1.0
YPL232W	t-SNAREs:1.0
YDR468C	t-SNAREs:1.0
YDR498C	t-SNAREs:1.0
YGL212W	t-SNAREs:1.0
YDR424C	Tubulin-associated-motorproteins:1.0
YDR488C	Tubulin-associated-motorproteins:1.0
YEL061C	Tubulin-associated-motorproteins:1.0
YHR129C	Tubulin-associated-motorproteins:1.0
YHR156C	Tubulin-associated-motorproteins:1.0
YGL216W	Tubulin-associated-motorproteins:1.0
YGL005C	Tubulin-associated-motorproteins:1.0
YPL155C	Tubulin-associated-motorproteins:1.0
YPR141C	Tubulin-associated-motorproteins:1.0
YPL174C	Tubulin-associated-motorproteins:1.0
YBL063W	Tubulin-associated-motorproteins:1.0
YKR054C	Tubulin-associated-motorproteins:1.0
YMR198W	Tubulin-associated-motorproteins:1.0
YMR294W	Tubulin-associated-motorproteins:1.0
YMR138W	Tubulin-associated-proteins:1.0
YOR058C	Tubulin-associated-proteins:1.0
YNL223W	Tubulin-associated-proteins:1.0
YNL126W	Tubulin-associated-proteins:1.0
YJL042W	Tubulin-associated-proteins:1.0
YLR045C	Tubulin-associated-proteins:1.0
YLR175W	Tubulin-associated-proteins:1.0
YBL034C	Tubulin-associated-proteins:1.0
YCL029C	Tubulin-associated-proteins:1.0
YBL078C	Tubulin-associated-proteins:1.0
YOR265W	Tubulin-associated-proteins:1.0
YOR272W	Tubulin-associated-proteins:1.0
YPL241C	Tubulin-associated-proteins:1.0
YER016W	Tubulin-associated-proteins:1.0
YFL037W	Tubulins:1.0
YLR212C	Tubulins:1.0
YML085C	Tubulins:1.0
YML124C	Tubulins:1.0
YBR112C	Tup1-Ssn6-complex:1.0
YCR084C	Tup1-Ssn6-complex:1.0
YDR207C	Ume6-Ime1-complex:1.0
YJR094C	Ume6-Ime1-complex:1.0
YLR141W	Upstream-Activation-Factor-complex:1.0
YMR270C	Upstream-Activation-Factor-complex:1.0
YBL025W	Upstream-Activation-Factor-complex:1.0
YDL077C	Vacuolar-assembly-complex:1.0
YDR080W	Vacuolar-assembly-complex:1.0
YGL212W	Vam3-Vam7-vacuolar-t-SNARE-complex:1.0
YOR106W	Vam3-Vam7-vacuolar-t-SNARE-complex:1.0
YJL053W	Vps35-Vps29-Vps26-complex:1.0
YJL154C	Vps35-Vps29-Vps26-complex:1.0
YHR012W	Vps35-Vps29-Vps26-complex:1.0
YPR173C	Vps4p-ATPase-complex:1.0
YKL041W	Vps4p-ATPase-complex:1.0
YLR025W	Vps4p-ATPase-complex:1.0
YOR069W	Vps5-Vps17-complex:1.0
YOR132W	Vps5-Vps17-complex:1.0
YMR197C	v-SNAREs:1.0
YIL004C	v-SNAREs:1.0
YLR268W	v-SNAREs:1.0
YLR093C	v-SNAREs:1.0
YLR078C	v-SNAREs:1.0
YOR327C	v-SNAREs:1.0
YAL030W	v-SNAREs:1.0
YHL031C	v-SNAREs:1.0
YGR059W	10-nm-filaments:1.0
YHR107C	10-nm-filaments:1.0
YCR002C	10-nm-filaments:1.0
YDL225W	10-nm-filaments:1.0
YDR218C	10-nm-filaments:1.0
YJR076C	10-nm-filaments:1.0
YLR314C	10-nm-filaments:1.0
YML104C	10-nm-filaments:1.0
YLR342W	13-beta-D-glucan-synthase:1.0
YCR034W	13-beta-D-glucan-synthase:1.0
YGR032W	13-beta-D-glucan-synthase:1.0
YGR143W	16-beta-D-glucan-synthase:1.0
YPR159W	16-beta-D-glucan-synthase:1.0
YDL007W	19-22S-regulator:1.0
YDL147W	19-22S-regulator:1.0
YDL097C	19-22S-regulator:1.0
YDR394W	19-22S-regulator:1.0
YDR427W	19-22S-regulator:1.0
YHR027C	19-22S-regulator:1.0
YGR232W	19-22S-regulator:1.0
YER021W	19-22S-regulator:1.0
YFR052W	19-22S-regulator:1.0
YGL048C	19-22S-regulator:1.0
YFR004W	19-22S-regulator:1.0
YHR200W	19-22S-regulator:1.0
YKL145W	19-22S-regulator:1.0
YIL075C	19-22S-regulator:1.0
YOR117W	19-22S-regulator:1.0
YOR261C	19-22S-regulator:1.0
YPR108W	19-22S-regulator:1.0
YOR259C	19-22S-regulator:1.0
YIL125W	2-oxoglutarate-dehydrogenase:1.0
YFL018C	2-oxoglutarate-dehydrogenase:1.0
YDR148C	2-oxoglutarate-dehydrogenase:1.0
YBL041W	20S-proteasome:1.0
YBR173C	20S-proteasome:1.0
YER012W	20S-proteasome:1.0
YGR253C	20S-proteasome:1.0
YGR135W	20S-proteasome:1.0
YGL011C	20S-proteasome:1.0
YFR050C	20S-proteasome:1.0
YER094C	20S-proteasome:1.0
YJL001W	20S-proteasome:1.0
YML092C	20S-proteasome:1.0
YMR314W	20S-proteasome:1.0
YOL038W	20S-proteasome:1.0
YOR157C	20S-proteasome:1.0
YOR362C	20S-proteasome:1.0
YPR103W	20S-proteasome:1.0
